{"type":"FeatureCollection","name":"Regional official city limits and approximate area point markers","metadata":{"description":"Official California city/town-limit geometries for incorporated places, plus approximate point markers for unincorporated mountain areas that do not have city limits.","officialSource":"California City Boundaries and Identifiers, CDTFA/California State Geoportal, queried with OFFSHORE IS NULL and outSR=4326.","approximateAreas":["Aptos","Ben Lomond","Boulder Creek","Felton","La Honda","Skyline District"],"simplification":"Official city/town-limit geometries simplified with Douglas-Peucker tolerance 0.0006 degrees for browser rendering; approximate unincorporated areas are point markers.","peninsulaCoverage":"Incorporated cities from San Francisco through San Jose on the Peninsula/South Bay side."},"features":[{"type":"Feature","properties":{"city":"San Francisco","boundaryType":"Official city/town limit","source":"California City Boundaries and Identifiers, CDTFA/California State Geoportal","county":"San Francisco County","placeType":"City","areaSqMi":47.2963275084764},"geometry":{"type":"MultiPolygon","coordinates":[[[[-122.42052,37.86324],[-122.41873,37.86197],[-122.42003,37.8604],[-122.42032,37.86207],[-122.42052,37.86324]]],[[[-122.4187,37.85262],[-122.41873,37.85258],[-122.41879,37.85257],[-122.41884,37.85258],[-122.4187,37.85262]]],[[[-122.37319,37.83225],[-122.36857,37.83112],[-122.36289,37.82268],[-122.36353,37.82087],[-122.36049,37.82014],[-122.36365,37.82055],[-122.36477,37.8184],[-122.37107,37.81597],[-122.36965,37.81323],[-122.36746,37.81231],[-122.35922,37.81493],[-122.35921,37.81353],[-122.36103,37.81257],[-122.361,37.80811],[-122.36197,37.80706],[-122.36715,37.80742],[-122.37277,37.81081],[-122.37133,37.81501],[-122.37912,37.82677],[-122.3776,37.8305],[-122.37324,37.83228],[-122.37319,37.83225]]],[[[-122.42506,37.82837],[-122.42095,37.82676],[-122.42055,37.8253],[-122.42193,37.82499],[-122.42447,37.82654],[-122.42556,37.82787],[-122.42509,37.82841],[-122.42506,37.82837]]],[[[-122.41977,37.81117],[-122.41884,37.81147],[-122.41535,37.80916],[-122.41051,37.80877],[-122.41137,37.81091],[-122.41042,37.81143],[-122.40971,37.80927],[-122.40744,37.8079],[-122.40664,37.80781],[-122.40682,37.80998],[-122.40613,37.81004],[-122.40533,37.80687],[-122.40436,37.80889],[-122.40472,37.80698],[-122.40395,37.80658],[-122.40234,37.80783],[-122.40342,37.80647],[-122.4028,37.80603],[-122.40091,37.80764],[-122.40086,37.80344],[-122.39851,37.8046],[-122.40001,37.8032],[-122.39751,37.80348],[-122.39973,37.80217],[-122.3971,37.80304],[-122.39608,37.80189],[-122.39832,37.8006],[-122.39545,37.80114],[-122.39742,37.79958],[-122.39658,37.79884],[-122.39433,37.80015],[-122.39654,37.79868],[-122.3958,37.79789],[-122.39356,37.79866],[-122.39511,37.79715],[-122.39288,37.798],[-122.39469,37.7966],[-122.39298,37.79559],[-122.39158,37.79621],[-122.39233,37.79488],[-122.39138,37.79405],[-122.39183,37.79351],[-122.3883,37.78974],[-122.38532,37.78981],[-122.3872,37.78879],[-122.38513,37.78812],[-122.38742,37.78724],[-122.38453,37.78741],[-122.38434,37.78573],[-122.3876,37.78545],[-122.38785,37.78291],[-122.38472,37.78291],[-122.38777,37.78228],[-122.3855,37.78177],[-122.38773,37.78145],[-122.38743,37.77837],[-122.38532,37.77845],[-122.3903,37.77711],[-122.38502,37.77635],[-122.38491,37.77534],[-122.38701,37.77509],[-122.38692,37.77435],[-122.38181,37.7746],[-122.38151,37.77192],[-122.38676,37.77328],[-122.38588,37.77069],[-122.3856,37.77225],[-122.38571,37.7706],[-122.38316,37.76972],[-122.38557,37.77019],[-122.38496,37.76875],[-122.38666,37.76316],[-122.38553,37.76334],[-122.38428,37.76215],[-122.38434,37.76408],[-122.38412,37.76227],[-122.38326,37.76232],[-122.38331,37.76414],[-122.38313,37.76252],[-122.38103,37.7626],[-122.38382,37.76208],[-122.38126,37.75966],[-122.38083,37.75532],[-122.38412,37.75467],[-122.38291,37.75446],[-122.38278,37.75334],[-122.38009,37.75288],[-122.38002,37.75202],[-122.37612,37.75227],[-122.37623,37.74708],[-122.37481,37.74634],[-122.37491,37.74487],[-122.37276,37.74553],[-122.36763,37.74013],[-122.37402,37.73961],[-122.37266,37.73819],[-122.36749,37.73828],[-122.37117,37.73733],[-122.3767,37.73815],[-122.37495,37.73752],[-122.37599,37.73571],[-122.37493,37.73487],[-122.37564,37.7327],[-122.37392,37.7327],[-122.37205,37.7341],[-122.36933,37.73203],[-122.3652,37.73214],[-122.36199,37.73006],[-122.35887,37.72979],[-122.36226,37.7285],[-122.35808,37.72927],[-122.36043,37.7282],[-122.35699,37.72865],[-122.35773,37.72625],[-122.36166,37.72522],[-122.36128,37.72416],[-122.35784,37.72462],[-122.3615,37.72377],[-122.36535,37.72555],[-122.35997,37.72164],[-122.36301,37.72299],[-122.36384,37.7221],[-122.35925,37.71913],[-122.36004,37.71852],[-122.36271,37.72007],[-122.36361,37.71904],[-122.36255,37.71817],[-122.36549,37.71608],[-122.3704,37.71872],[-122.37411,37.71899],[-122.37695,37.72424],[-122.37907,37.72375],[-122.38085,37.72186],[-122.38191,37.72375],[-122.38349,37.72307],[-122.38442,37.72442],[-122.38693,37.72429],[-122.38292,37.72195],[-122.38326,37.72015],[-122.37621,37.71615],[-122.38017,37.71079],[-122.37792,37.70858],[-122.37617,37.70969],[-122.37441,37.70879],[-122.37607,37.70838],[-122.38599,37.71001],[-122.3881,37.70875],[-122.39154,37.70968],[-122.39318,37.70842],[-122.50247,37.70808],[-122.50539,37.7176],[-122.50972,37.75196],[-122.5112,37.75603],[-122.51326,37.76872],[-122.51471,37.78113],[-122.51379,37.7814],[-122.51275,37.784],[-122.50979,37.78481],[-122.50595,37.78819],[-122.49958,37.78867],[-122.49649,37.7873],[-122.48726,37.78955],[-122.48408,37.79318],[-122.48016,37.80124],[-122.47774,37.81101],[-122.47652,37.81086],[-122.47577,37.80946],[-122.47095,37.80866],[-122.46888,37.80705],[-122.46306,37.80505],[-122.44845,37.80674],[-122.44009,37.8088],[-122.44012,37.80702],[-122.4358,37.80756],[-122.43421,37.80695],[-122.43369,37.80556],[-122.43214,37.80607],[-122.43263,37.80851],[-122.43141,37.80733],[-122.43169,37.80905],[-122.43091,37.80733],[-122.43019,37.80923],[-122.42984,37.80783],[-122.42652,37.80818],[-122.42454,37.80662],[-122.42074,37.80909],[-122.42045,37.80821],[-122.41619,37.80829],[-122.4206,37.8113],[-122.41998,37.81128],[-122.41977,37.81117]]],[[[-122.33147,37.78727],[-122.32766,37.7812],[-122.33231,37.78215],[-122.33157,37.78682],[-122.33147,37.78727]]],[[[-123.10689,37.77275],[-123.10691,37.77274],[-123.10692,37.77275],[-123.10693,37.77278],[-123.10689,37.77275]]],[[[-123.10732,37.77224],[-123.10675,37.77132],[-123.10782,37.77083],[-123.10733,37.77225],[-123.10732,37.77224]]],[[[-123.10805,37.77201],[-123.10807,37.77199],[-123.10808,37.77199],[-123.1081,37.77199],[-123.10805,37.77201]]],[[[-123.10805,37.77102],[-123.10802,37.77102],[-123.108,37.77102],[-123.10798,37.77103],[-123.10805,37.77102]]],[[[-123.09888,37.7679],[-123.09882,37.76783],[-123.09875,37.76779],[-123.09872,37.76774],[-123.09888,37.7679]]],[[[-123.10006,37.76736],[-123.10002,37.76733],[-123.09997,37.76732],[-123.09993,37.76731],[-123.10006,37.76736]]],[[[-123.09487,37.76466],[-123.0949,37.76464],[-123.09495,37.76464],[-123.09499,37.76464],[-123.09487,37.76466]]],[[[-123.09883,37.76439],[-123.09879,37.76438],[-123.09876,37.76438],[-123.09873,37.76437],[-123.09883,37.76439]]],[[[-123.00304,37.70308],[-123.00308,37.70303],[-123.00312,37.70304],[-123.0032,37.70302],[-123.00304,37.70308]]],[[[-123.00418,37.70301],[-123.0042,37.70295],[-123.00422,37.7029],[-123.00425,37.70283],[-123.00418,37.70301]]],[[[-123.00492,37.70328],[-123.00489,37.70328],[-123.00486,37.70328],[-123.00485,37.70325],[-123.00492,37.70328]]],[[[-123.00356,37.70274],[-123.0036,37.70273],[-123.00363,37.70275],[-123.00367,37.7028],[-123.00356,37.70274]]],[[[-123.0041,37.70213],[-123.003,37.70048],[-123.00183,37.7012],[-123.00066,37.69946],[-122.99928,37.69951],[-123.00002,37.6982],[-122.99948,37.69703],[-123.00033,37.69743],[-122.99967,37.69636],[-123.00089,37.69533],[-123.00361,37.69606],[-123.00412,37.69748],[-123.00559,37.69699],[-123.00865,37.69785],[-123.00788,37.69887],[-123.00614,37.69806],[-123.00699,37.69944],[-123.00524,37.69896],[-123.00564,37.70013],[-123.00455,37.70005],[-123.00537,37.70118],[-123.00458,37.70079],[-123.00411,37.70216],[-123.0041,37.70213]]],[[[-123.01309,37.70082],[-123.01229,37.70002],[-123.0113,37.70041],[-123.01057,37.69906],[-123.00896,37.6992],[-123.00877,37.69796],[-123.01211,37.69707],[-123.01248,37.69788],[-123.01153,37.69861],[-123.0132,37.69844],[-123.0128,37.69915],[-123.01389,37.70018],[-123.01313,37.70086],[-123.01309,37.70082]]],[[[-123.01085,37.69988],[-123.01087,37.69986],[-123.01089,37.69988],[-123.01091,37.6999],[-123.01085,37.69988]]],[[[-123.01027,37.69957],[-123.0103,37.69955],[-123.01031,37.69956],[-123.01032,37.69958],[-123.01027,37.69957]]],[[[-123.00695,37.69892],[-123.00698,37.69892],[-123.007,37.69893],[-123.00703,37.69896],[-123.00695,37.69892]]],[[[-123.01095,37.6969],[-123.01097,37.69689],[-123.011,37.69689],[-123.01101,37.69691],[-123.01095,37.6969]]],[[[-123.00276,37.69417],[-123.00274,37.69416],[-123.00273,37.69417],[-123.0027,37.69418],[-123.00276,37.69417]]]]}},{"type":"Feature","properties":{"city":"Daly City","boundaryType":"Official city/town limit","source":"California City Boundaries and Identifiers, CDTFA/California State Geoportal","county":"San Mateo County","placeType":"City","areaSqMi":7.61945248393405},"geometry":{"type":"Polygon","coordinates":[[[-122.405149,37.708255],[-122.406876,37.704366],[-122.410807,37.705553],[-122.412511,37.701724],[-122.411338,37.701396],[-122.413426,37.697833],[-122.424522,37.700415],[-122.427216,37.703486],[-122.428476,37.703275],[-122.429219,37.704976],[-122.431926,37.704042],[-122.440979,37.703702],[-122.440652,37.700935],[-122.446962,37.702791],[-122.451131,37.700533],[-122.451806,37.698167],[-122.450667,37.697545],[-122.455813,37.693468],[-122.445548,37.686905],[-122.446398,37.68475],[-122.455257,37.688836],[-122.458706,37.684945],[-122.459788,37.686298],[-122.458801,37.687423],[-122.460946,37.689534],[-122.459934,37.685954],[-122.462208,37.686023],[-122.462638,37.687039],[-122.464449,37.686137],[-122.466535,37.689057],[-122.468868,37.687149],[-122.468576,37.684454],[-122.466478,37.682513],[-122.470969,37.682493],[-122.470744,37.678245],[-122.465075,37.671112],[-122.460292,37.666788],[-122.461789,37.665678],[-122.460523,37.664068],[-122.463428,37.662353],[-122.463852,37.661075],[-122.457596,37.65677],[-122.456126,37.654019],[-122.454009,37.655993],[-122.450409,37.648525],[-122.455409,37.65066],[-122.458912,37.6497],[-122.468596,37.650383],[-122.471748,37.64903],[-122.47163,37.65384],[-122.476553,37.661746],[-122.480295,37.665322],[-122.484513,37.666445],[-122.48474,37.664232],[-122.486021,37.664254],[-122.484752,37.662494],[-122.485353,37.661815],[-122.48941,37.660937],[-122.496196,37.66608],[-122.495581,37.674129],[-122.496305,37.682282],[-122.50056,37.701112],[-122.495962,37.701174],[-122.496715,37.702634],[-122.492432,37.702666],[-122.492429,37.703543],[-122.487847,37.703226],[-122.486266,37.704153],[-122.486399,37.708172],[-122.405149,37.708255]],[[-122.488899,37.689761],[-122.484337,37.689656],[-122.483899,37.686865],[-122.481248,37.686035],[-122.479165,37.686738],[-122.475449,37.686065],[-122.476079,37.69024],[-122.475387,37.691898],[-122.477578,37.693149],[-122.473025,37.692624],[-122.471828,37.693345],[-122.47184,37.694825],[-122.479439,37.694848],[-122.480064,37.695797],[-122.489015,37.696286],[-122.488899,37.689761]],[[-122.472133581466,37.6896213123181],[-122.472138314771,37.6896192015422],[-122.472142718848,37.6896166827331],[-122.472144517642,37.6896153893664],[-122.472146741409,37.6896137893662],[-122.472150332436,37.6896105548696],[-122.472153443285,37.6896070198425],[-122.472156036899,37.6896032318428],[-122.472158080703,37.6895992365368],[-122.472159549111,37.6895950848452],[-122.472160421107,37.6895908284941],[-122.472160689356,37.6895865207268],[-122.472159912255,37.689494534313],[-122.472158575347,37.689336620507],[-122.472157238474,37.6891787075986],[-122.472155906147,37.6890207945951],[-122.47209519102,37.689021099644],[-122.471741196068,37.6890228839817],[-122.471326491552,37.6890249691163],[-122.471326581675,37.6890356800725],[-122.47132782554,37.6891828820588],[-122.471329160669,37.6893407949762],[-122.471330494699,37.689498708815],[-122.471331271761,37.6895907249093],[-122.471331284018,37.6895913734542],[-122.471331707895,37.6895956237305],[-122.471332720407,37.6895998114574],[-122.471334311891,37.6896038846425],[-122.471336461334,37.6896077915279],[-122.471339141116,37.6896114867914],[-122.471342320125,37.6896149224832],[-122.471345956134,37.6896180580817],[-122.471350008077,37.6896208539416],[-122.471354427096,37.6896232750774],[-122.471359154318,37.6896252930099],[-122.471364132155,37.6896268837323],[-122.47136930311,37.6896280259357],[-122.471374601973,37.6896287056693],[-122.471379961473,37.6896289153239],[-122.471746306243,37.6896270722726],[-122.472112615775,37.6896252279278],[-122.472118031072,37.6896249585716],[-122.472123373771,37.6896242092906],[-122.472128580538,37.689622988592],[-122.472133581466,37.6896213123181]],[[-122.474543,37.689603],[-122.475266,37.689005],[-122.473809,37.688395],[-122.474543,37.689603]]]}},{"type":"Feature","properties":{"city":"Brisbane","boundaryType":"Official city/town limit","source":"California City Boundaries and Identifiers, CDTFA/California State Geoportal","county":"San Mateo County","placeType":"City","areaSqMi":3.1469729098687247},"geometry":{"type":"Polygon","coordinates":[[[-122.393178,37.708424],[-122.394147,37.707237],[-122.392358,37.705194],[-122.392988,37.701362],[-122.387912,37.678372],[-122.386727,37.677338],[-122.381097,37.677312],[-122.381128,37.671783],[-122.392166,37.671707],[-122.391218,37.673176],[-122.39658,37.673857],[-122.396588,37.675581],[-122.408004,37.675547],[-122.40808,37.684808],[-122.409828,37.684803],[-122.410193,37.686306],[-122.413041,37.685327],[-122.416339,37.686455],[-122.426492,37.692992],[-122.426175,37.695144],[-122.424723,37.694861],[-122.42475,37.695872],[-122.421302,37.699181],[-122.413426,37.697833],[-122.411338,37.701396],[-122.412511,37.701724],[-122.410807,37.705553],[-122.406876,37.704366],[-122.405087,37.708396],[-122.393178,37.708424]]]}},{"type":"Feature","properties":{"city":"Colma","boundaryType":"Official city/town limit","source":"California City Boundaries and Identifiers, CDTFA/California State Geoportal","county":"San Mateo County","placeType":"Town","areaSqMi":1.914615717302194},"geometry":{"type":"Polygon","coordinates":[[[-122.44552,37.685359],[-122.441097,37.683367],[-122.442176,37.68296],[-122.443836,37.678363],[-122.443095,37.677298],[-122.440538,37.675889],[-122.438773,37.67761],[-122.432619,37.674877],[-122.433859,37.670279],[-122.436571,37.671448],[-122.444636,37.665403],[-122.447584,37.666487],[-122.450639,37.669991],[-122.451783,37.669263],[-122.453322,37.6708],[-122.460292,37.666788],[-122.465807,37.671929],[-122.470861,37.678589],[-122.470969,37.682493],[-122.463707,37.682619],[-122.465359,37.683929],[-122.463473,37.683946],[-122.464222,37.685722],[-122.459932,37.685754],[-122.45893,37.684568],[-122.455257,37.688836],[-122.448239,37.685059],[-122.44552,37.685359]]]}},{"type":"Feature","properties":{"city":"South San Francisco","boundaryType":"Official city/town limit","source":"California City Boundaries and Identifiers, CDTFA/California State Geoportal","county":"San Mateo County","placeType":"City","areaSqMi":9.192659879716006},"geometry":{"type":"Polygon","coordinates":[[[-122.41886,37.673339],[-122.415064,37.672933],[-122.414214,37.670954],[-122.413467,37.672002],[-122.412678,37.671683],[-122.413181,37.670613],[-122.411649,37.668991],[-122.41006,37.670656],[-122.408484,37.670021],[-122.407599,37.667248],[-122.405467,37.66804],[-122.403759,37.667121],[-122.404322,37.666195],[-122.400189,37.666973],[-122.400056,37.667867],[-122.397836,37.667205],[-122.39636,37.669009],[-122.397245,37.670014],[-122.39602,37.671195],[-122.394692,37.67111],[-122.394256,37.672231],[-122.387306,37.671745],[-122.387956,37.668769],[-122.392504,37.668498],[-122.392663,37.666538],[-122.395269,37.66505],[-122.394873,37.664456],[-122.390165,37.665977],[-122.388548,37.665906],[-122.387819,37.664504],[-122.385978,37.664915],[-122.385189,37.66689],[-122.385966,37.667643],[-122.381454,37.668175],[-122.38109,37.664671],[-122.383353,37.664387],[-122.382915,37.663132],[-122.37929,37.66271],[-122.378538,37.663782],[-122.37795,37.662768],[-122.374543,37.662569],[-122.37507,37.661066],[-122.380123,37.66085],[-122.379836,37.659161],[-122.375525,37.655021],[-122.377856,37.654827],[-122.377595,37.652184],[-122.379434,37.651106],[-122.380276,37.64813],[-122.391688,37.647811],[-122.393348,37.645559],[-122.390895,37.644445],[-122.389811,37.640422],[-122.390908,37.639418],[-122.384084,37.64],[-122.382282,37.636042],[-122.380523,37.635418],[-122.411368,37.635529],[-122.411498,37.641352],[-122.41695,37.639354],[-122.418618,37.642202],[-122.423737,37.640415],[-122.433053,37.634384],[-122.437157,37.638135],[-122.443934,37.634496],[-122.445206,37.63499],[-122.445441,37.636568],[-122.446909,37.636934],[-122.447679,37.635478],[-122.448963,37.635225],[-122.458916,37.640549],[-122.464128,37.638957],[-122.469217,37.644428],[-122.471748,37.64903],[-122.468596,37.650383],[-122.458912,37.6497],[-122.455409,37.65066],[-122.450409,37.648525],[-122.454009,37.655993],[-122.456126,37.654019],[-122.457596,37.65677],[-122.463852,37.661075],[-122.463428,37.662353],[-122.460523,37.664068],[-122.461789,37.665678],[-122.453322,37.6708],[-122.451783,37.669263],[-122.450639,37.669991],[-122.447584,37.666487],[-122.444636,37.665403],[-122.436571,37.671448],[-122.428997,37.66737],[-122.425901,37.66709],[-122.425073,37.667756],[-122.426303,37.668766],[-122.423738,37.672113],[-122.41997,37.671704],[-122.41886,37.673339]],[[-122.437982,37.654357],[-122.440432,37.653517],[-122.441865,37.650041],[-122.443469,37.648682],[-122.447416,37.647062],[-122.44994,37.648227],[-122.444534,37.643262],[-122.440827,37.644881],[-122.439942,37.643221],[-122.434605,37.646115],[-122.433835,37.64514],[-122.432421,37.645648],[-122.43149,37.647346],[-122.434164,37.646353],[-122.435847,37.647981],[-122.437446,37.650983],[-122.436568,37.651576],[-122.437205,37.652336],[-122.436187,37.654186],[-122.437982,37.654357]],[[-122.430285,37.645291],[-122.432657,37.644182],[-122.433012,37.643131],[-122.434583,37.643467],[-122.434247,37.641109],[-122.435373,37.640921],[-122.434181,37.639537],[-122.433453,37.640877],[-122.432903,37.640138],[-122.426666,37.64307],[-122.430285,37.645291]]]}},{"type":"Feature","properties":{"city":"Pacifica","boundaryType":"Official city/town limit","source":"California City Boundaries and Identifiers, CDTFA/California State Geoportal","county":"San Mateo County","placeType":"City","areaSqMi":12.489623969614298},"geometry":{"type":"Polygon","coordinates":[[[-122.480737,37.665114],[-122.476438,37.661585],[-122.471428,37.653392],[-122.471899,37.64919],[-122.469217,37.644428],[-122.464128,37.638957],[-122.469697,37.637793],[-122.471756,37.63521],[-122.471308,37.634427],[-122.472934,37.633588],[-122.472908,37.631382],[-122.471622,37.630821],[-122.463093,37.619689],[-122.454307,37.619497],[-122.450743,37.616024],[-122.443947,37.593611],[-122.463093,37.584606],[-122.459779,37.584491],[-122.459644,37.577345],[-122.46136,37.577345],[-122.461355,37.573707],[-122.459575,37.57371],[-122.459437,37.566385],[-122.463991,37.566347],[-122.464062,37.570105],[-122.468478,37.570031],[-122.46858,37.573656],[-122.477099,37.573513],[-122.471577,37.577919],[-122.47367,37.579594],[-122.48238,37.575196],[-122.487203,37.579126],[-122.486978,37.576181],[-122.489074,37.575287],[-122.491832,37.577396],[-122.493332,37.575691],[-122.500568,37.579685],[-122.496576,37.57949],[-122.494257,37.582369],[-122.497171,37.582024],[-122.497116,37.582895],[-122.498509,37.583495],[-122.499797,37.581101],[-122.502088,37.582421],[-122.499667,37.584202],[-122.499496,37.588256],[-122.504599,37.591036],[-122.507725,37.587489],[-122.512441,37.590171],[-122.510968,37.592208],[-122.515325,37.595672],[-122.514221,37.597769],[-122.515155,37.598709],[-122.507697,37.596165],[-122.503023,37.598001],[-122.499764,37.603489],[-122.501795,37.60548],[-122.501627,37.607756],[-122.498942,37.608056],[-122.49683,37.611073],[-122.496908,37.612284],[-122.498469,37.613548],[-122.497806,37.616544],[-122.497094,37.61654],[-122.497519,37.620297],[-122.49626,37.621072],[-122.495213,37.626877],[-122.493795,37.648223],[-122.493984,37.660403],[-122.494966,37.664403],[-122.492251,37.663332],[-122.490411,37.661187],[-122.487822,37.660911],[-122.484752,37.662494],[-122.486021,37.664254],[-122.48474,37.664232],[-122.484598,37.666399],[-122.48271,37.66654],[-122.480737,37.665114]]]}},{"type":"Feature","properties":{"city":"San Bruno","boundaryType":"Official city/town limit","source":"California City Boundaries and Identifiers, CDTFA/California State Geoportal","county":"San Mateo County","placeType":"City","areaSqMi":5.486531578183009},"geometry":{"type":"Polygon","coordinates":[[[-122.405671,37.635545],[-122.403349,37.62073],[-122.405234,37.61954],[-122.400111,37.612699],[-122.401188,37.612155],[-122.400514,37.611381],[-122.401689,37.610782],[-122.405968,37.615081],[-122.406476,37.614682],[-122.405299,37.613621],[-122.406299,37.612668],[-122.403936,37.609729],[-122.407118,37.607978],[-122.409154,37.607988],[-122.409268,37.609113],[-122.406091,37.612241],[-122.409187,37.614122],[-122.418334,37.609476],[-122.418869,37.610179],[-122.420739,37.609227],[-122.420574,37.608333],[-122.428183,37.603977],[-122.445766,37.62209],[-122.450724,37.617676],[-122.455025,37.62079],[-122.45374,37.62241],[-122.456201,37.625366],[-122.455745,37.627779],[-122.457741,37.626947],[-122.4614,37.629529],[-122.466351,37.628977],[-122.467436,37.627212],[-122.468871,37.627231],[-122.472908,37.631382],[-122.472934,37.633588],[-122.471308,37.634427],[-122.471756,37.63521],[-122.468804,37.638522],[-122.468103,37.637614],[-122.458916,37.640549],[-122.448963,37.635225],[-122.447679,37.635478],[-122.446909,37.636934],[-122.445441,37.636568],[-122.445206,37.63499],[-122.443934,37.634496],[-122.437157,37.638135],[-122.433053,37.634384],[-122.423737,37.640415],[-122.418618,37.642202],[-122.41695,37.639354],[-122.411498,37.641352],[-122.411368,37.635529],[-122.405671,37.635545]]]}},{"type":"Feature","properties":{"city":"Millbrae","boundaryType":"Official city/town limit","source":"California City Boundaries and Identifiers, CDTFA/California State Geoportal","county":"San Mateo County","placeType":"City","areaSqMi":3.2770874528411165},"geometry":{"type":"Polygon","coordinates":[[[-122.404722,37.613824],[-122.401689,37.610782],[-122.400514,37.611381],[-122.401188,37.612155],[-122.397898,37.61272],[-122.391681,37.60968],[-122.388492,37.606207],[-122.3875,37.60678],[-122.383664,37.604373],[-122.378799,37.607151],[-122.372525,37.604636],[-122.387338,37.595502],[-122.39012,37.592521],[-122.388313,37.591197],[-122.389968,37.588248],[-122.39097,37.588994],[-122.395595,37.585442],[-122.3993,37.584423],[-122.403735,37.581451],[-122.408557,37.586191],[-122.409332,37.585854],[-122.412056,37.587648],[-122.414212,37.591313],[-122.423366,37.599574],[-122.41986,37.60184],[-122.424959,37.606072],[-122.420574,37.608333],[-122.420739,37.609227],[-122.418869,37.610179],[-122.418334,37.609476],[-122.409187,37.614122],[-122.406091,37.612241],[-122.409268,37.609113],[-122.409154,37.607988],[-122.407118,37.607978],[-122.403936,37.609729],[-122.406299,37.612668],[-122.405299,37.613621],[-122.406476,37.614682],[-122.405968,37.615081],[-122.404722,37.613824]]]}},{"type":"Feature","properties":{"city":"Burlingame","boundaryType":"Official city/town limit","source":"California City Boundaries and Identifiers, CDTFA/California State Geoportal","county":"San Mateo County","placeType":"City","areaSqMi":4.447584367058322},"geometry":{"type":"Polygon","coordinates":[[[-122.333798,37.587852],[-122.335124,37.586924],[-122.330852,37.583005],[-122.342784,37.574724],[-122.341885,37.57429],[-122.351985,37.569946],[-122.354134,37.572008],[-122.352806,37.572838],[-122.353763,37.574493],[-122.352447,37.575666],[-122.352692,37.577108],[-122.356021,37.578511],[-122.356918,37.577252],[-122.357798,37.577874],[-122.358854,37.577242],[-122.363454,37.580574],[-122.369333,37.578045],[-122.372008,37.580858],[-122.378172,37.577394],[-122.380945,37.577513],[-122.380054,37.576254],[-122.381338,37.574625],[-122.3833,37.574747],[-122.383597,37.573207],[-122.386139,37.571922],[-122.387372,37.573125],[-122.385903,37.574462],[-122.388319,37.573615],[-122.387368,37.575442],[-122.385067,37.577185],[-122.382851,37.577564],[-122.382806,37.576567],[-122.380659,37.578999],[-122.383891,37.578867],[-122.38433,37.579875],[-122.382853,37.580273],[-122.384971,37.581629],[-122.386475,37.580145],[-122.385276,37.581801],[-122.386785,37.582646],[-122.388767,37.58082],[-122.387841,37.579691],[-122.392241,37.576983],[-122.393621,37.573656],[-122.395727,37.572766],[-122.392475,37.568713],[-122.39316,37.568285],[-122.398167,37.573453],[-122.397205,37.574117],[-122.39957,37.577503],[-122.403735,37.581451],[-122.3993,37.584423],[-122.395595,37.585442],[-122.39097,37.588994],[-122.389968,37.588248],[-122.388313,37.591197],[-122.39012,37.592521],[-122.387338,37.595502],[-122.373344,37.604109],[-122.369525,37.602258],[-122.365291,37.598054],[-122.364024,37.598367],[-122.362399,37.594273],[-122.3604,37.59203],[-122.343913,37.592053],[-122.346637,37.59139],[-122.345992,37.589874],[-122.342228,37.591125],[-122.343157,37.592069],[-122.334478,37.592089],[-122.333798,37.587852]]]}},{"type":"Feature","properties":{"city":"Hillsborough","boundaryType":"Official city/town limit","source":"California City Boundaries and Identifiers, CDTFA/California State Geoportal","county":"San Mateo County","placeType":"Town","areaSqMi":6.208929500143166},"geometry":{"type":"Polygon","coordinates":[[[-122.351985,37.569946],[-122.350095,37.566314],[-122.35492,37.5642],[-122.352597,37.560972],[-122.337191,37.568005],[-122.33052,37.563947],[-122.329192,37.562106],[-122.339528,37.552766],[-122.340622,37.549896],[-122.340062,37.547894],[-122.337865,37.54609],[-122.332511,37.550591],[-122.328397,37.548647],[-122.332589,37.544177],[-122.330204,37.541283],[-122.332967,37.538927],[-122.333568,37.53939],[-122.33524,37.53802],[-122.33871,37.540603],[-122.341194,37.538464],[-122.337274,37.535338],[-122.341592,37.53174],[-122.343426,37.533534],[-122.345734,37.539697],[-122.349934,37.540818],[-122.350019,37.537539],[-122.348979,37.535686],[-122.350201,37.533901],[-122.355127,37.530873],[-122.358575,37.530052],[-122.360577,37.531246],[-122.362711,37.540732],[-122.365047,37.544842],[-122.373704,37.549649],[-122.393439,37.570099],[-122.391294,37.571314],[-122.391295,37.569922],[-122.389814,37.568828],[-122.387919,37.569152],[-122.387424,37.570363],[-122.385708,37.57088],[-122.38606,37.571961],[-122.383597,37.573207],[-122.383454,37.574642],[-122.381338,37.574625],[-122.380054,37.576254],[-122.380945,37.577513],[-122.378172,37.577394],[-122.372008,37.580858],[-122.369333,37.578045],[-122.363454,37.580574],[-122.358854,37.577242],[-122.357798,37.577874],[-122.356918,37.577252],[-122.356021,37.578511],[-122.352692,37.577108],[-122.352447,37.575666],[-122.353763,37.574493],[-122.352806,37.572838],[-122.354134,37.572008],[-122.351985,37.569946]]]}},{"type":"Feature","properties":{"city":"San Mateo","boundaryType":"Official city/town limit","source":"California City Boundaries and Identifiers, CDTFA/California State Geoportal","county":"San Mateo County","placeType":"City","areaSqMi":12.376640216865976},"geometry":{"type":"Polygon","coordinates":[[[-122.2879,37.57443],[-122.2879,37.5702],[-122.28433,37.57018],[-122.28431,37.5644],[-122.27946,37.56443],[-122.2794,37.5561],[-122.28392,37.55445],[-122.28223,37.55374],[-122.28174,37.5522],[-122.28453,37.55005],[-122.28375,37.54839],[-122.28012,37.54848],[-122.27962,37.54666],[-122.27711,37.54406],[-122.27647,37.53995],[-122.27875,37.53644],[-122.2746,37.53077],[-122.27643,37.5295],[-122.27797,37.5299],[-122.2784,37.52883],[-122.28554,37.53069],[-122.28703,37.52937],[-122.30731,37.52116],[-122.31186,37.52454],[-122.31503,37.51927],[-122.31926,37.51926],[-122.32152,37.52122],[-122.32372,37.52102],[-122.3254,37.51965],[-122.32489,37.51726],[-122.33048,37.51281],[-122.33411,37.51581],[-122.33795,37.51424],[-122.33874,37.51506],[-122.33614,37.51599],[-122.33559,37.51798],[-122.33265,37.51717],[-122.3327,37.5164],[-122.32999,37.51751],[-122.33427,37.52089],[-122.33806,37.519],[-122.34048,37.52098],[-122.33857,37.52066],[-122.33518,37.5243],[-122.33272,37.52508],[-122.33577,37.52954],[-122.34159,37.53174],[-122.33727,37.53534],[-122.34119,37.53846],[-122.33871,37.5406],[-122.33525,37.53802],[-122.33357,37.53939],[-122.33297,37.53893],[-122.3302,37.54128],[-122.33259,37.54418],[-122.3284,37.54865],[-122.33251,37.55059],[-122.33787,37.54609],[-122.34006,37.54789],[-122.34062,37.5499],[-122.33953,37.55277],[-122.32919,37.56211],[-122.33082,37.5642],[-122.33719,37.568],[-122.3526,37.56097],[-122.35492,37.5642],[-122.35009,37.56631],[-122.35236,37.56979],[-122.34189,37.57429],[-122.34278,37.57472],[-122.33085,37.583],[-122.33512,37.58692],[-122.3338,37.58785],[-122.32792,37.589],[-122.32118,37.59181],[-122.31625,37.59146],[-122.31456,37.59232],[-122.31527,37.59063],[-122.31395,37.58987],[-122.31494,37.58924],[-122.31542,37.5864],[-122.31449,37.58581],[-122.31663,37.58452],[-122.30553,37.57477],[-122.3028,37.57586],[-122.29687,37.57545],[-122.29698,37.57171],[-122.29462,37.57093],[-122.29375,37.56857],[-122.29134,37.56933],[-122.29365,37.57129],[-122.2918,37.57194],[-122.29162,37.57327],[-122.28975,37.57366],[-122.29135,37.57417],[-122.28792,37.5744],[-122.2879,37.57443]],[[-122.32667,37.53958],[-122.32263,37.53729],[-122.31824,37.54101],[-122.31826,37.54199],[-122.31999,37.54238],[-122.32058,37.54348],[-122.31948,37.54394],[-122.32019,37.54449],[-122.32119,37.54378],[-122.32417,37.54614],[-122.32938,37.54195],[-122.32678,37.53966],[-122.32667,37.53958]]]}},{"type":"Feature","properties":{"city":"Foster City","boundaryType":"Official city/town limit","source":"California City Boundaries and Identifiers, CDTFA/California State Geoportal","county":"San Mateo County","placeType":"City","areaSqMi":4.240117395019091},"geometry":{"type":"Polygon","coordinates":[[[-122.247867,37.551172],[-122.251398,37.548596],[-122.252379,37.546792],[-122.250228,37.541052],[-122.251868,37.539849],[-122.255599,37.540932],[-122.25885,37.540478],[-122.260012,37.539079],[-122.259954,37.534608],[-122.261169,37.533323],[-122.276599,37.533935],[-122.278757,37.536531],[-122.276471,37.539949],[-122.277107,37.544056],[-122.279617,37.546664],[-122.28011,37.548464],[-122.283752,37.548386],[-122.284543,37.550164],[-122.281742,37.5522],[-122.282186,37.553689],[-122.283923,37.554453],[-122.279397,37.556105],[-122.279455,37.564425],[-122.284305,37.564404],[-122.284334,37.57018],[-122.287901,37.570196],[-122.287897,37.574425],[-122.286392,37.574172],[-122.28634,37.575351],[-122.284551,37.574352],[-122.284195,37.575399],[-122.279483,37.573622],[-122.279211,37.571664],[-122.275591,37.571432],[-122.273357,37.570159],[-122.262665,37.573918],[-122.252619,37.568133],[-122.248961,37.564165],[-122.247335,37.559656],[-122.245188,37.557046],[-122.247867,37.551172]]]}},{"type":"Feature","properties":{"city":"Belmont","boundaryType":"Official city/town limit","source":"California City Boundaries and Identifiers, CDTFA/California State Geoportal","county":"San Mateo County","placeType":"City","areaSqMi":4.64294694304035},"geometry":{"type":"Polygon","coordinates":[[[-122.26108,37.520439],[-122.262619,37.519175],[-122.26798,37.523811],[-122.270836,37.521203],[-122.270205,37.520735],[-122.271144,37.521058],[-122.272368,37.519882],[-122.271435,37.519453],[-122.272246,37.518757],[-122.271426,37.518092],[-122.270266,37.51852],[-122.271305,37.517648],[-122.26729,37.5142],[-122.273031,37.51021],[-122.278289,37.513135],[-122.279109,37.512425],[-122.277987,37.511455],[-122.284461,37.509731],[-122.286577,37.510585],[-122.288558,37.507511],[-122.286443,37.50671],[-122.289564,37.502016],[-122.286232,37.500952],[-122.288123,37.50077],[-122.287381,37.499526],[-122.289711,37.500462],[-122.28964,37.499336],[-122.296258,37.497132],[-122.300563,37.499921],[-122.302625,37.498404],[-122.307893,37.502118],[-122.309561,37.500978],[-122.31052,37.5021],[-122.314034,37.503028],[-122.320027,37.503425],[-122.320004,37.504633],[-122.324549,37.510507],[-122.328972,37.513516],[-122.324891,37.51726],[-122.325402,37.519651],[-122.323722,37.52102],[-122.321522,37.52122],[-122.319256,37.519263],[-122.315035,37.519269],[-122.31186,37.524541],[-122.30731,37.521163],[-122.287027,37.529372],[-122.285536,37.530685],[-122.278404,37.52883],[-122.277965,37.5299],[-122.276428,37.529501],[-122.274599,37.530769],[-122.277254,37.533559],[-122.276599,37.533935],[-122.265048,37.533963],[-122.266809,37.533214],[-122.267551,37.530662],[-122.270012,37.530658],[-122.270042,37.529268],[-122.26108,37.520439]]]}},{"type":"Feature","properties":{"city":"San Carlos","boundaryType":"Official city/town limit","source":"California City Boundaries and Identifiers, CDTFA/California State Geoportal","county":"San Mateo County","placeType":"City","areaSqMi":5.403099743952181},"geometry":{"type":"Polygon","coordinates":[[[-122.26108,37.520439],[-122.254372,37.515079],[-122.251467,37.517544],[-122.248699,37.518163],[-122.248676,37.512791],[-122.24501,37.507458],[-122.247038,37.505425],[-122.23841,37.497799],[-122.241267,37.498227],[-122.24506,37.495161],[-122.244314,37.493152],[-122.247325,37.4911],[-122.249971,37.487077],[-122.253126,37.486396],[-122.254096,37.48471],[-122.256824,37.483864],[-122.25963,37.486097],[-122.26219,37.485836],[-122.262296,37.483961],[-122.257006,37.483808],[-122.258707,37.483244],[-122.258745,37.481628],[-122.263061,37.481657],[-122.262941,37.482817],[-122.264929,37.482957],[-122.264461,37.481121],[-122.265273,37.480184],[-122.266396,37.48029],[-122.267417,37.482199],[-122.271383,37.48247],[-122.273028,37.481538],[-122.274322,37.482265],[-122.278967,37.478854],[-122.277853,37.476455],[-122.276911,37.476877],[-122.276719,37.475161],[-122.279032,37.474793],[-122.291041,37.484746],[-122.291674,37.486573],[-122.289943,37.486785],[-122.292938,37.488799],[-122.290632,37.490138],[-122.296417,37.492701],[-122.298709,37.495656],[-122.302625,37.498404],[-122.300563,37.499921],[-122.296258,37.497132],[-122.28964,37.499336],[-122.289684,37.500469],[-122.288347,37.498823],[-122.286037,37.499354],[-122.286545,37.500573],[-122.285211,37.501166],[-122.286112,37.501669],[-122.284617,37.502368],[-122.287642,37.504889],[-122.286443,37.50671],[-122.288558,37.507511],[-122.286577,37.510585],[-122.284461,37.509731],[-122.277987,37.511455],[-122.279109,37.512425],[-122.278289,37.513135],[-122.273031,37.51021],[-122.26729,37.5142],[-122.270327,37.51682],[-122.265018,37.521312],[-122.262619,37.519175],[-122.26108,37.520439]],[[-122.283579,37.498956],[-122.285175,37.498535],[-122.286112,37.49705],[-122.289219,37.498805],[-122.290984,37.498428],[-122.289544,37.496803],[-122.291701,37.49721],[-122.286257,37.492967],[-122.286145,37.495083],[-122.283952,37.494672],[-122.283742,37.495947],[-122.282305,37.49415],[-122.281575,37.494854],[-122.282049,37.49352],[-122.280996,37.492044],[-122.276734,37.495173],[-122.279153,37.497559],[-122.281605,37.497217],[-122.280513,37.498468],[-122.282539,37.499969],[-122.283579,37.498956]]]}},{"type":"Feature","properties":{"city":"Redwood City","boundaryType":"Official city/town limit","source":"California City Boundaries and Identifiers, CDTFA/California State Geoportal","county":"San Mateo County","placeType":"City","areaSqMi":21.655197087950032},"geometry":{"type":"MultiPolygon","coordinates":[[[[-122.16598,37.4987],[-122.16994,37.49612],[-122.1782,37.49846],[-122.17845,37.48698],[-122.18258,37.48837],[-122.19271,37.48822],[-122.19312,37.48617],[-122.18969,37.48574],[-122.18935,37.48657],[-122.18231,37.48504],[-122.18309,37.48351],[-122.18247,37.48255],[-122.18377,37.48232],[-122.18612,37.47819],[-122.18914,37.47798],[-122.1985,37.48159],[-122.19982,37.47948],[-122.20282,37.48067],[-122.20209,37.48295],[-122.21102,37.48486],[-122.21074,37.48414],[-122.21177,37.4838],[-122.21267,37.4842],[-122.21129,37.4849],[-122.21352,37.48526],[-122.21451,37.48369],[-122.20942,37.48263],[-122.21286,37.47767],[-122.21211,37.47716],[-122.21411,37.47698],[-122.21332,37.47812],[-122.21506,37.47897],[-122.21772,37.47699],[-122.21521,37.47542],[-122.21723,37.47331],[-122.21237,37.46981],[-122.21622,37.4648],[-122.217,37.46512],[-122.21812,37.46375],[-122.22092,37.45861],[-122.22226,37.45921],[-122.22349,37.45812],[-122.22612,37.4596],[-122.23096,37.44837],[-122.24039,37.45507],[-122.24389,37.45305],[-122.24694,37.45548],[-122.25734,37.44721],[-122.26013,37.44718],[-122.26016,37.44829],[-122.26196,37.449],[-122.26353,37.44841],[-122.26309,37.44943],[-122.26906,37.4522],[-122.2667,37.45434],[-122.2681,37.45637],[-122.26923,37.4547],[-122.27146,37.45643],[-122.2742,37.4563],[-122.27802,37.46085],[-122.27943,37.46035],[-122.27712,37.46268],[-122.27964,37.46276],[-122.28152,37.46508],[-122.29084,37.4694],[-122.28717,37.47051],[-122.28295,37.4743],[-122.28023,37.47445],[-122.28068,37.47262],[-122.27913,37.46931],[-122.2763,37.47063],[-122.27485,37.46736],[-122.27206,37.46616],[-122.27548,37.46288],[-122.27562,37.46005],[-122.27421,37.45957],[-122.27538,37.45897],[-122.27464,37.45801],[-122.2718,37.45726],[-122.26965,37.45806],[-122.26305,37.45414],[-122.25888,37.45692],[-122.25966,37.45741],[-122.25849,37.45884],[-122.25873,37.46031],[-122.26049,37.46143],[-122.26278,37.46124],[-122.26296,37.4627],[-122.26061,37.46201],[-122.26047,37.46304],[-122.25853,37.4642],[-122.25685,37.46236],[-122.25571,37.46321],[-122.25692,37.46569],[-122.25786,37.46544],[-122.25864,37.46644],[-122.25782,37.4678],[-122.25921,37.4686],[-122.25864,37.46922],[-122.25956,37.47078],[-122.26066,37.47026],[-122.26026,37.47262],[-122.26133,37.47411],[-122.26037,37.4773],[-122.2616,37.47767],[-122.25813,37.48074],[-122.25697,37.47927],[-122.25388,37.48141],[-122.25566,37.48279],[-122.25711,37.48164],[-122.25875,37.48318],[-122.25737,37.48402],[-122.2623,37.48396],[-122.26219,37.48584],[-122.25963,37.4861],[-122.25682,37.48386],[-122.25404,37.48474],[-122.25313,37.4864],[-122.24997,37.48708],[-122.24733,37.4911],[-122.24431,37.49315],[-122.24506,37.49516],[-122.24127,37.49823],[-122.23841,37.4978],[-122.24704,37.50543],[-122.24501,37.50746],[-122.24868,37.51279],[-122.2487,37.51816],[-122.25155,37.5175],[-122.25437,37.51508],[-122.2646,37.52356],[-122.26568,37.52571],[-122.27004,37.52927],[-122.27001,37.53066],[-122.26755,37.53066],[-122.26681,37.53321],[-122.26505,37.53396],[-122.26098,37.53347],[-122.25995,37.53461],[-122.26001,37.53908],[-122.25885,37.54048],[-122.25089,37.54031],[-122.25025,37.54174],[-122.25244,37.54549],[-122.25184,37.54804],[-122.24787,37.55117],[-122.24675,37.55022],[-122.24482,37.55042],[-122.24453,37.54913],[-122.24315,37.5489],[-122.24292,37.55255],[-122.23734,37.55168],[-122.23275,37.55242],[-122.22973,37.55142],[-122.22835,37.5485],[-122.22562,37.54737],[-122.22563,37.5448],[-122.21912,37.54376],[-122.22031,37.54263],[-122.21761,37.54215],[-122.21461,37.53793],[-122.21272,37.53982],[-122.21141,37.53903],[-122.20883,37.54025],[-122.20672,37.53884],[-122.20182,37.53931],[-122.19663,37.53633],[-122.19509,37.53435],[-122.19483,37.53177],[-122.20115,37.52661],[-122.19585,37.5234],[-122.19659,37.52284],[-122.19446,37.52251],[-122.1946,37.52156],[-122.19433,37.52225],[-122.19329,37.52176],[-122.19255,37.52094],[-122.19316,37.52014],[-122.19142,37.52027],[-122.18822,37.51695],[-122.1841,37.51724],[-122.1829,37.51991],[-122.17916,37.51119],[-122.17528,37.50749],[-122.17097,37.50583],[-122.17037,37.50471],[-122.17022,37.50552],[-122.1672,37.5042],[-122.16601,37.49872],[-122.16598,37.4987]]],[[[-122.25471,37.47755],[-122.25935,37.47479],[-122.25773,37.47423],[-122.25714,37.47242],[-122.25517,37.47203],[-122.25509,37.47089],[-122.25214,37.47207],[-122.25266,37.4737],[-122.25432,37.47298],[-122.25474,37.47403],[-122.25381,37.4747],[-122.25203,37.47466],[-122.25305,37.47394],[-122.25191,37.47357],[-122.25085,37.47417],[-122.25374,37.4768],[-122.25492,37.47611],[-122.25465,37.47751],[-122.25471,37.47755]]],[[[-122.25009,37.47203],[-122.24755,37.47],[-122.24621,37.4707],[-122.24935,37.47323],[-122.25028,37.47218],[-122.25009,37.47203]]],[[[-122.25995,37.46533],[-122.25996,37.46533],[-122.26015,37.46548],[-122.26027,37.46558],[-122.25995,37.46533]]],[[[-122.26262,37.4639],[-122.26286,37.46289],[-122.26383,37.46364],[-122.26275,37.46434],[-122.26262,37.4639]]]]}},{"type":"Feature","properties":{"city":"Atherton","boundaryType":"Official city/town limit","source":"California City Boundaries and Identifiers, CDTFA/California State Geoportal","county":"San Mateo County","placeType":"Town","areaSqMi":5.038171437894481},"geometry":{"type":"Polygon","coordinates":[[[-122.16803,37.47168],[-122.173962,37.459545],[-122.175461,37.460296],[-122.17672,37.458676],[-122.180876,37.461602],[-122.183717,37.457947],[-122.188609,37.460367],[-122.186439,37.46316],[-122.189254,37.464564],[-122.19198,37.461029],[-122.19331,37.461914],[-122.195475,37.459932],[-122.187727,37.455751],[-122.201879,37.438959],[-122.205299,37.440386],[-122.207518,37.440219],[-122.210109,37.437951],[-122.210932,37.438378],[-122.213275,37.435573],[-122.21218,37.434869],[-122.212913,37.433488],[-122.214005,37.433159],[-122.213388,37.432747],[-122.217574,37.427956],[-122.21898,37.428968],[-122.220973,37.42794],[-122.224568,37.424117],[-122.229458,37.424822],[-122.226037,37.428755],[-122.227644,37.429492],[-122.226536,37.430057],[-122.232043,37.431129],[-122.233684,37.432376],[-122.23343,37.433801],[-122.230241,37.437091],[-122.231284,37.438632],[-122.230834,37.440088],[-122.228278,37.439578],[-122.217364,37.453752],[-122.222001,37.457276],[-122.219113,37.460826],[-122.218122,37.463749],[-122.216999,37.465125],[-122.216215,37.464805],[-122.212454,37.469698],[-122.206129,37.465161],[-122.203583,37.468358],[-122.20204,37.467382],[-122.198024,37.472632],[-122.193351,37.47088],[-122.192224,37.472717],[-122.18972,37.471728],[-122.186737,37.476618],[-122.176833,37.475882],[-122.16803,37.47168]]]}},{"type":"Feature","properties":{"city":"Menlo Park","boundaryType":"Official city/town limit","source":"California City Boundaries and Identifiers, CDTFA/California State Geoportal","county":"San Mateo County","placeType":"City","areaSqMi":10.040662299995901},"geometry":{"type":"Polygon","coordinates":[[[-122.134305,37.505967],[-122.130658,37.503613],[-122.127843,37.499162],[-122.128198,37.496742],[-122.127134,37.495912],[-122.126429,37.491448],[-122.127049,37.490924],[-122.12565,37.48981],[-122.12402,37.485658],[-122.125116,37.481644],[-122.124392,37.476153],[-122.120913,37.477197],[-122.126724,37.47517],[-122.13241,37.47969],[-122.131219,37.483884],[-122.138787,37.481719],[-122.139887,37.480483],[-122.13974,37.47587],[-122.146228,37.475503],[-122.146687,37.473511],[-122.153722,37.474494],[-122.156354,37.469452],[-122.150562,37.466034],[-122.151199,37.46256],[-122.144643,37.460803],[-122.145984,37.456926],[-122.15242,37.45774],[-122.15549,37.455883],[-122.155741,37.454055],[-122.157166,37.454248],[-122.157075,37.453518],[-122.160396,37.454732],[-122.163787,37.453245],[-122.163768,37.452447],[-122.165086,37.453079],[-122.166073,37.450504],[-122.167746,37.450492],[-122.167857,37.448276],[-122.169137,37.447083],[-122.169559,37.447641],[-122.171865,37.446749],[-122.174485,37.444643],[-122.175779,37.441878],[-122.179749,37.440959],[-122.179662,37.439613],[-122.182475,37.439366],[-122.184888,37.433964],[-122.187771,37.433551],[-122.188248,37.432197],[-122.190565,37.431398],[-122.189292,37.427518],[-122.191358,37.42542],[-122.19071,37.42416],[-122.191698,37.423877],[-122.190476,37.420979],[-122.191696,37.419772],[-122.196998,37.421537],[-122.197983,37.42066],[-122.198571,37.421972],[-122.206426,37.420894],[-122.207948,37.420544],[-122.209028,37.417323],[-122.212036,37.416933],[-122.216261,37.418544],[-122.21622,37.42039],[-122.223687,37.419581],[-122.223935,37.421896],[-122.228452,37.424737],[-122.224568,37.424117],[-122.220973,37.42794],[-122.21898,37.428968],[-122.217574,37.427956],[-122.213662,37.432721],[-122.211698,37.433004],[-122.207752,37.432413],[-122.207982,37.431322],[-122.205235,37.42984],[-122.202631,37.430434],[-122.200603,37.429354],[-122.199576,37.430586],[-122.196103,37.428813],[-122.192895,37.425195],[-122.197457,37.422293],[-122.192216,37.423717],[-122.192492,37.425883],[-122.190586,37.428628],[-122.194856,37.430916],[-122.196524,37.430505],[-122.197144,37.432432],[-122.199877,37.433373],[-122.198615,37.434902],[-122.199801,37.435541],[-122.198635,37.436676],[-122.202289,37.438329],[-122.187727,37.455751],[-122.195475,37.459932],[-122.19331,37.461914],[-122.19198,37.461029],[-122.189254,37.464564],[-122.186439,37.46316],[-122.188609,37.460367],[-122.183717,37.457947],[-122.180876,37.461602],[-122.17672,37.458676],[-122.175461,37.460296],[-122.173962,37.459545],[-122.17326,37.461069],[-122.170662,37.459882],[-122.167288,37.463615],[-122.165139,37.462941],[-122.161657,37.470032],[-122.16803,37.47168],[-122.176833,37.475882],[-122.186966,37.476628],[-122.18377,37.482321],[-122.182463,37.48257],[-122.183094,37.483513],[-122.182305,37.485014],[-122.189334,37.486564],[-122.189402,37.488136],[-122.182582,37.488366],[-122.178453,37.486976],[-122.178196,37.498465],[-122.169945,37.496123],[-122.165981,37.498705],[-122.166146,37.498026],[-122.1536,37.497954],[-122.153664,37.499868],[-122.154016,37.499303],[-122.156427,37.500995],[-122.149275,37.502345],[-122.147807,37.504154],[-122.139917,37.507209],[-122.136583,37.507236],[-122.134305,37.505967]]]}},{"type":"Feature","properties":{"city":"East Palo Alto","boundaryType":"Official city/town limit","source":"California City Boundaries and Identifiers, CDTFA/California State Geoportal","county":"San Mateo County","placeType":"City","areaSqMi":2.5383777390681046},"geometry":{"type":"Polygon","coordinates":[[[-122.126885,37.475301],[-122.118433,37.47805],[-122.123585,37.475738],[-122.123546,37.472249],[-122.122412,37.472197],[-122.119746,37.46859],[-122.118101,37.468263],[-122.115742,37.46574],[-122.123472,37.461352],[-122.122183,37.453686],[-122.123954,37.452581],[-122.127047,37.453507],[-122.128185,37.45173],[-122.133728,37.454429],[-122.138767,37.454873],[-122.142009,37.457871],[-122.145214,37.458139],[-122.144643,37.460803],[-122.151199,37.46256],[-122.150562,37.466034],[-122.156354,37.469452],[-122.153722,37.474494],[-122.146687,37.473511],[-122.146228,37.475503],[-122.13974,37.47587],[-122.139887,37.480483],[-122.138787,37.481719],[-122.131219,37.483884],[-122.13241,37.47969],[-122.126885,37.475301]]]}},{"type":"Feature","properties":{"city":"Woodside","boundaryType":"Official city/town limit","source":"California City Boundaries and Identifiers, CDTFA/California State Geoportal","county":"San Mateo County","placeType":"Town","areaSqMi":11.459008212100194},"geometry":{"type":"Polygon","coordinates":[[[-122.27075,37.45587],[-122.27134,37.455],[-122.26955,37.45462],[-122.26824,37.4551],[-122.26876,37.45614],[-122.2681,37.45637],[-122.2667,37.45434],[-122.26906,37.4522],[-122.26309,37.44943],[-122.26353,37.44841],[-122.26196,37.449],[-122.26016,37.44829],[-122.26013,37.44718],[-122.25734,37.44721],[-122.24694,37.45548],[-122.24389,37.45305],[-122.24039,37.45507],[-122.23168,37.44882],[-122.23459,37.44462],[-122.23107,37.44291],[-122.2284,37.44629],[-122.22504,37.44391],[-122.22828,37.43958],[-122.23083,37.4401],[-122.23129,37.43866],[-122.23024,37.43709],[-122.23343,37.4338],[-122.23368,37.43238],[-122.23041,37.4304],[-122.22654,37.43006],[-122.22764,37.42949],[-122.22604,37.42875],[-122.22946,37.42482],[-122.23595,37.42535],[-122.23988,37.42124],[-122.24114,37.42192],[-122.24367,37.4202],[-122.24056,37.41208],[-122.24572,37.4072],[-122.24469,37.40467],[-122.2456,37.40111],[-122.2446,37.39826],[-122.24238,37.3983],[-122.24241,37.39914],[-122.24072,37.39855],[-122.23829,37.39983],[-122.23785,37.39544],[-122.23562,37.39733],[-122.23318,37.39726],[-122.23441,37.39646],[-122.23395,37.39365],[-122.23201,37.39106],[-122.22977,37.39025],[-122.2295,37.38836],[-122.22707,37.38694],[-122.22717,37.38524],[-122.22575,37.38451],[-122.22655,37.38305],[-122.22329,37.38198],[-122.22414,37.38063],[-122.22977,37.38281],[-122.23402,37.38709],[-122.23467,37.38435],[-122.23941,37.38997],[-122.24512,37.38539],[-122.24763,37.37958],[-122.24851,37.37983],[-122.2499,37.37729],[-122.25397,37.37441],[-122.25385,37.37268],[-122.25276,37.37215],[-122.25746,37.37253],[-122.25955,37.37518],[-122.26031,37.37815],[-122.2572,37.37704],[-122.2716,37.39299],[-122.26809,37.3976],[-122.26079,37.39617],[-122.25829,37.39839],[-122.2544,37.39717],[-122.25617,37.39828],[-122.2571,37.4012],[-122.26162,37.39821],[-122.26052,37.40117],[-122.25769,37.40377],[-122.27291,37.41781],[-122.28089,37.41464],[-122.28486,37.41583],[-122.28898,37.41576],[-122.29083,37.41855],[-122.29211,37.4176],[-122.29444,37.41826],[-122.2963,37.42031],[-122.2986,37.42056],[-122.30334,37.42312],[-122.28293,37.43542],[-122.28685,37.43887],[-122.28642,37.44007],[-122.28938,37.44291],[-122.27814,37.45061],[-122.28037,37.45209],[-122.27831,37.45432],[-122.27837,37.45587],[-122.28051,37.4571],[-122.27879,37.45855],[-122.28126,37.45893],[-122.27839,37.46097],[-122.2742,37.4563],[-122.27085,37.45598],[-122.27075,37.45587]]]}},{"type":"Feature","properties":{"city":"Portola Valley","boundaryType":"Official city/town limit","source":"California City Boundaries and Identifiers, CDTFA/California State Geoportal","county":"San Mateo County","placeType":"Town","areaSqMi":9.04645510136274},"geometry":{"type":"Polygon","coordinates":[[[-122.19937,37.37278],[-122.20158,37.3707],[-122.20127,37.36716],[-122.20267,37.3605],[-122.1966,37.35196],[-122.20319,37.34841],[-122.20226,37.34705],[-122.20678,37.3442],[-122.20669,37.34531],[-122.20868,37.34328],[-122.2105,37.34323],[-122.21273,37.34008],[-122.21416,37.34075],[-122.21414,37.33833],[-122.21676,37.33832],[-122.21798,37.34047],[-122.2283,37.34502],[-122.23153,37.34865],[-122.2392,37.35137],[-122.24654,37.35786],[-122.24748,37.35967],[-122.24673,37.36312],[-122.24773,37.36505],[-122.24751,37.36735],[-122.25408,37.37329],[-122.25332,37.37524],[-122.2499,37.37729],[-122.24851,37.37983],[-122.24763,37.37958],[-122.24512,37.38539],[-122.23941,37.38997],[-122.23467,37.38435],[-122.23402,37.38709],[-122.22977,37.38281],[-122.22414,37.38063],[-122.22329,37.38198],[-122.22655,37.38305],[-122.22575,37.38451],[-122.22717,37.38524],[-122.22707,37.38694],[-122.2295,37.38836],[-122.22977,37.39025],[-122.23201,37.39106],[-122.23376,37.39341],[-122.20684,37.40118],[-122.20436,37.39407],[-122.192,37.39757],[-122.19,37.39454],[-122.1902,37.38895],[-122.19129,37.38779],[-122.19021,37.38708],[-122.19124,37.38614],[-122.1909,37.38481],[-122.19432,37.38142],[-122.19686,37.37657],[-122.1993,37.37477],[-122.19932,37.37284],[-122.19937,37.37278]]]}},{"type":"Feature","properties":{"city":"Palo Alto","boundaryType":"Official city/town limit","source":"California City Boundaries and Identifiers, CDTFA/California State Geoportal","county":"Santa Clara County","placeType":"City","areaSqMi":24.206225466384154},"geometry":{"type":"Polygon","coordinates":[[[-122.0856,37.45062],[-122.09166,37.44889],[-122.09051,37.44834],[-122.09064,37.44728],[-122.0944,37.44536],[-122.0925,37.44243],[-122.09297,37.4414],[-122.09642,37.44026],[-122.10028,37.43556],[-122.10149,37.42823],[-122.0978,37.42455],[-122.09816,37.42166],[-122.10063,37.42181],[-122.10136,37.41932],[-122.10213,37.41576],[-122.1013,37.41206],[-122.1034,37.41335],[-122.10794,37.40817],[-122.11555,37.41282],[-122.11728,37.41069],[-122.11548,37.4088],[-122.11426,37.40913],[-122.11277,37.40815],[-122.11757,37.40434],[-122.11999,37.40657],[-122.12333,37.40335],[-122.12543,37.3985],[-122.12851,37.39646],[-122.12812,37.39578],[-122.12951,37.39616],[-122.12967,37.39513],[-122.12759,37.39451],[-122.12836,37.39179],[-122.12724,37.39176],[-122.12655,37.38839],[-122.13033,37.39379],[-122.13308,37.39375],[-122.13215,37.39099],[-122.13519,37.39105],[-122.13525,37.39213],[-122.13635,37.39196],[-122.13634,37.38958],[-122.13509,37.38953],[-122.13508,37.38855],[-122.13634,37.38859],[-122.1388,37.38968],[-122.1388,37.39108],[-122.14019,37.39109],[-122.14144,37.39537],[-122.15024,37.39189],[-122.15132,37.39347],[-122.16229,37.39578],[-122.1672,37.39921],[-122.17184,37.37974],[-122.16783,37.3775],[-122.17199,37.36519],[-122.16881,37.36404],[-122.16888,37.36329],[-122.17188,37.36298],[-122.17014,37.36202],[-122.17006,37.36093],[-122.17302,37.3612],[-122.17574,37.3587],[-122.17266,37.35793],[-122.17214,37.3596],[-122.16762,37.35885],[-122.16906,37.35688],[-122.16534,37.35439],[-122.1653,37.3535],[-122.17226,37.35279],[-122.17237,37.33809],[-122.16806,37.3382],[-122.16856,37.33078],[-122.16009,37.33088],[-122.16013,37.32344],[-122.15022,37.32356],[-122.15015,37.32781],[-122.14612,37.32785],[-122.14612,37.33105],[-122.13224,37.33121],[-122.13278,37.30952],[-122.135,37.30165],[-122.13514,37.29368],[-122.15195,37.29442],[-122.15256,37.28768],[-122.1532,37.28948],[-122.15623,37.29184],[-122.16685,37.29539],[-122.16548,37.29617],[-122.16297,37.30085],[-122.16404,37.30149],[-122.16267,37.30494],[-122.16663,37.30577],[-122.17077,37.31195],[-122.17672,37.31309],[-122.17982,37.31251],[-122.17871,37.31403],[-122.17969,37.31596],[-122.17931,37.31775],[-122.18167,37.32213],[-122.18509,37.32386],[-122.18207,37.32685],[-122.17906,37.32628],[-122.17804,37.32521],[-122.17441,37.32507],[-122.18285,37.33305],[-122.18607,37.33785],[-122.1858,37.33901],[-122.18961,37.34144],[-122.19494,37.34679],[-122.19621,37.35168],[-122.20268,37.3606],[-122.20127,37.36716],[-122.20166,37.37038],[-122.20041,37.37249],[-122.19835,37.37257],[-122.1978,37.37359],[-122.19587,37.37295],[-122.19292,37.37985],[-122.1885,37.37848],[-122.18633,37.37987],[-122.18804,37.38212],[-122.18741,37.38376],[-122.18877,37.38467],[-122.18679,37.38389],[-122.18345,37.38459],[-122.18551,37.38773],[-122.17231,37.39048],[-122.17026,37.39018],[-122.16782,37.40027],[-122.16181,37.39636],[-122.15195,37.39431],[-122.1535,37.39797],[-122.15248,37.39817],[-122.15297,37.40354],[-122.15221,37.40507],[-122.15619,37.40634],[-122.14978,37.41407],[-122.15738,37.41812],[-122.14955,37.42777],[-122.16753,37.44341],[-122.16868,37.44238],[-122.16725,37.44134],[-122.16816,37.43969],[-122.17019,37.44118],[-122.17446,37.43202],[-122.18206,37.43443],[-122.18987,37.42837],[-122.19057,37.4314],[-122.18825,37.4322],[-122.18777,37.43355],[-122.18489,37.43396],[-122.18223,37.43956],[-122.17966,37.43961],[-122.17975,37.44096],[-122.17578,37.44188],[-122.17449,37.44464],[-122.17186,37.44675],[-122.16956,37.44764],[-122.16914,37.44708],[-122.1677,37.44866],[-122.16775,37.45049],[-122.16607,37.4505],[-122.16509,37.45308],[-122.16377,37.45245],[-122.16379,37.45324],[-122.16045,37.45473],[-122.15708,37.45352],[-122.15717,37.45425],[-122.15574,37.45405],[-122.15552,37.45586],[-122.15258,37.45769],[-122.1475,37.45655],[-122.14444,37.45828],[-122.14121,37.45747],[-122.13877,37.45487],[-122.13199,37.45391],[-122.12873,37.45178],[-122.12672,37.4536],[-122.12395,37.45258],[-122.12183,37.4544],[-122.12343,37.46143],[-122.11574,37.46574],[-122.11338,37.46294],[-122.10943,37.46315],[-122.1057,37.46151],[-122.10168,37.46262],[-122.10061,37.4604],[-122.10116,37.4585],[-122.09986,37.45767],[-122.09671,37.45831],[-122.09388,37.45322],[-122.08574,37.45066],[-122.0856,37.45062]]]}},{"type":"Feature","properties":{"city":"Los Altos","boundaryType":"Official city/town limit","source":"California City Boundaries and Identifiers, CDTFA/California State Geoportal","county":"Santa Clara County","placeType":"City","areaSqMi":6.521963125038534},"geometry":{"type":"Polygon","coordinates":[[[-122.11757,37.40434],[-122.11007,37.39956],[-122.10105,37.39556],[-122.10583,37.38864],[-122.09613,37.38865],[-122.09595,37.38468],[-122.08947,37.38457],[-122.09008,37.38252],[-122.08878,37.38135],[-122.09595,37.38139],[-122.09594,37.37967],[-122.09319,37.37965],[-122.09321,37.37679],[-122.09591,37.37682],[-122.09595,37.3669],[-122.08918,37.36686],[-122.08917,37.36594],[-122.08241,37.36683],[-122.07784,37.36617],[-122.07784,37.35903],[-122.07053,37.35904],[-122.07051,37.35791],[-122.06872,37.35793],[-122.06872,37.35678],[-122.06576,37.35679],[-122.06574,37.35954],[-122.06326,37.35954],[-122.06198,37.35422],[-122.06349,37.35291],[-122.0629,37.35194],[-122.06471,37.34896],[-122.06499,37.34778],[-122.06349,37.34685],[-122.06521,37.34315],[-122.06207,37.33808],[-122.06743,37.33748],[-122.06482,37.33646],[-122.06511,37.3353],[-122.06381,37.33411],[-122.06814,37.33545],[-122.06922,37.32993],[-122.07465,37.33212],[-122.0911,37.34206],[-122.0902,37.34482],[-122.08566,37.34855],[-122.08553,37.35067],[-122.09695,37.35996],[-122.09979,37.35848],[-122.10142,37.35997],[-122.09917,37.36145],[-122.10486,37.36585],[-122.10593,37.36636],[-122.10875,37.36391],[-122.11143,37.36392],[-122.11552,37.36564],[-122.11633,37.36469],[-122.11859,37.36633],[-122.12087,37.36619],[-122.12218,37.36918],[-122.12348,37.36902],[-122.11951,37.37217],[-122.12059,37.37359],[-122.11952,37.37411],[-122.1196,37.37705],[-122.12038,37.37736],[-122.12008,37.37862],[-122.12402,37.38048],[-122.12325,37.38138],[-122.12548,37.382],[-122.12565,37.38334],[-122.12416,37.38499],[-122.12678,37.38837],[-122.12627,37.3894],[-122.12704,37.38966],[-122.12724,37.39176],[-122.12836,37.39179],[-122.12759,37.39451],[-122.12967,37.39513],[-122.12958,37.39585],[-122.12812,37.39578],[-122.12851,37.39646],[-122.12543,37.3985],[-122.12333,37.40335],[-122.11999,37.40657],[-122.11799,37.4047],[-122.11757,37.40434]],[[-122.08715,37.36294],[-122.08716,37.36325],[-122.08739,37.36325],[-122.08764,37.36325],[-122.08715,37.36294]]]}},{"type":"Feature","properties":{"city":"Los Altos Hills","boundaryType":"Official city/town limit","source":"California City Boundaries and Identifiers, CDTFA/California State Geoportal","county":"Santa Clara County","placeType":"Town","areaSqMi":9.077213490219098},"geometry":{"type":"Polygon","coordinates":[[[-122.16214,37.39572],[-122.16386,37.38792],[-122.1581,37.38844],[-122.15402,37.38714],[-122.15159,37.38818],[-122.15067,37.3917],[-122.14144,37.39537],[-122.14019,37.39109],[-122.1388,37.39108],[-122.1388,37.38968],[-122.13634,37.38859],[-122.13508,37.38855],[-122.13509,37.38953],[-122.13634,37.38958],[-122.13635,37.39196],[-122.13525,37.39213],[-122.13519,37.39105],[-122.13215,37.39099],[-122.13308,37.39375],[-122.13033,37.39379],[-122.12416,37.38499],[-122.12565,37.38334],[-122.12539,37.38185],[-122.12325,37.38138],[-122.12402,37.38048],[-122.12008,37.37862],[-122.12038,37.37736],[-122.1196,37.37705],[-122.11952,37.37411],[-122.12059,37.37359],[-122.11951,37.37217],[-122.12348,37.36902],[-122.12218,37.36918],[-122.12087,37.36619],[-122.11859,37.36633],[-122.11633,37.36469],[-122.11552,37.36564],[-122.11344,37.36482],[-122.11138,37.36235],[-122.10266,37.35616],[-122.11066,37.35004],[-122.10929,37.35083],[-122.10259,37.34548],[-122.10041,37.34644],[-122.09832,37.34461],[-122.10071,37.34184],[-122.09825,37.3412],[-122.09707,37.34204],[-122.0947,37.34003],[-122.0956,37.33938],[-122.09514,37.33878],[-122.0961,37.33968],[-122.09579,37.33899],[-122.09666,37.33906],[-122.09637,37.33997],[-122.09853,37.34016],[-122.09986,37.33933],[-122.09948,37.33781],[-122.10716,37.3386],[-122.10634,37.33662],[-122.10936,37.33781],[-122.11399,37.33756],[-122.11402,37.34011],[-122.12573,37.34266],[-122.12417,37.3469],[-122.12608,37.34749],[-122.12782,37.34681],[-122.12887,37.3489],[-122.13478,37.34897],[-122.13587,37.34624],[-122.13724,37.34897],[-122.14161,37.34893],[-122.14154,37.34607],[-122.15071,37.34594],[-122.15082,37.35243],[-122.15411,37.35451],[-122.15995,37.35432],[-122.16612,37.35802],[-122.16447,37.35811],[-122.16566,37.35926],[-122.16997,37.36077],[-122.17003,37.36215],[-122.17178,37.36284],[-122.16901,37.36287],[-122.16696,37.36591],[-122.16791,37.36699],[-122.17136,37.367],[-122.16783,37.3775],[-122.17184,37.37974],[-122.1672,37.39921],[-122.16229,37.39578],[-122.16214,37.39572]],[[-122.09764,37.34055],[-122.09737,37.34002],[-122.09671,37.34007],[-122.09636,37.34003],[-122.09764,37.34055]],[[-122.10263,37.33995],[-122.10281,37.34022],[-122.10318,37.34006],[-122.10325,37.34016],[-122.10263,37.33995]],[[-122.10307,37.33949],[-122.10499,37.33941],[-122.10504,37.3387],[-122.10417,37.33824],[-122.10325,37.33909],[-122.10307,37.33949]]]}},{"type":"Feature","properties":{"city":"Mountain View","boundaryType":"Official city/town limit","source":"California City Boundaries and Identifiers, CDTFA/California State Geoportal","county":"Santa Clara County","placeType":"City","areaSqMi":12.116375829033846},"geometry":{"type":"MultiPolygon","coordinates":[[[[-122.08377,37.45054],[-122.08884,37.44724],[-122.0895,37.44514],[-122.08853,37.44484],[-122.0886,37.44297],[-122.0905,37.43989],[-122.09759,37.43565],[-122.08435,37.43508],[-122.07258,37.43616],[-122.06817,37.43508],[-122.06874,37.42991],[-122.06607,37.4294],[-122.0667,37.42784],[-122.05969,37.42652],[-122.0597,37.4246],[-122.05866,37.42458],[-122.06057,37.41904],[-122.06396,37.41906],[-122.06398,37.41661],[-122.06866,37.41683],[-122.06868,37.41024],[-122.06362,37.41022],[-122.06447,37.40775],[-122.06295,37.40716],[-122.05162,37.40472],[-122.05073,37.40561],[-122.04991,37.4044],[-122.0469,37.40349],[-122.04742,37.40154],[-122.045,37.3998],[-122.04679,37.39501],[-122.04498,37.39433],[-122.04677,37.38906],[-122.04745,37.3891],[-122.04757,37.38653],[-122.05205,37.3864],[-122.05266,37.38455],[-122.05694,37.38546],[-122.06028,37.37557],[-122.05828,37.37481],[-122.06328,37.36673],[-122.0615,37.36115],[-122.06267,37.35871],[-122.06083,37.35678],[-122.06172,37.3556],[-122.06069,37.35477],[-122.06198,37.35422],[-122.06326,37.35954],[-122.06574,37.35954],[-122.06576,37.35679],[-122.06872,37.35678],[-122.06872,37.35793],[-122.07051,37.35791],[-122.07053,37.35904],[-122.07784,37.35903],[-122.07784,37.36617],[-122.08241,37.36683],[-122.08917,37.36594],[-122.08918,37.36686],[-122.09595,37.3669],[-122.09591,37.37682],[-122.09321,37.37679],[-122.09319,37.37899],[-122.09319,37.37965],[-122.09594,37.37967],[-122.09595,37.38139],[-122.08878,37.38135],[-122.09008,37.38252],[-122.08947,37.38457],[-122.09595,37.38468],[-122.09613,37.38865],[-122.10583,37.38864],[-122.10105,37.39556],[-122.11007,37.39956],[-122.11757,37.40434],[-122.11277,37.40815],[-122.11426,37.40913],[-122.11548,37.4088],[-122.11728,37.41069],[-122.11555,37.41282],[-122.10794,37.40817],[-122.1034,37.41335],[-122.1013,37.41206],[-122.10213,37.41576],[-122.10136,37.41932],[-122.10063,37.42181],[-122.09816,37.42166],[-122.0978,37.42455],[-122.10149,37.42823],[-122.10028,37.43556],[-122.09642,37.44026],[-122.09297,37.4414],[-122.0925,37.44243],[-122.0944,37.44536],[-122.09064,37.44728],[-122.09051,37.44834],[-122.09166,37.44889],[-122.08378,37.45055],[-122.08377,37.45054]]],[[[-122.07292,37.40067],[-122.06975,37.40294],[-122.07341,37.404],[-122.07457,37.40248],[-122.07295,37.40069],[-122.07292,37.40067]]],[[[-122.08715,37.36294],[-122.08715,37.36265],[-122.08812,37.36265],[-122.08852,37.36266],[-122.08715,37.36294]]]]}},{"type":"Feature","properties":{"city":"Sunnyvale","boundaryType":"Official city/town limit","source":"California City Boundaries and Identifiers, CDTFA/California State Geoportal","county":"Santa Clara County","placeType":"City","areaSqMi":22.198139695732436},"geometry":{"type":"Polygon","coordinates":[[[-122.04604,37.44862],[-122.04605,37.44464],[-121.99579,37.41768],[-121.98636,37.41753],[-121.98686,37.3777],[-122.00218,37.37749],[-122.00414,37.37693],[-122.00486,37.37388],[-121.98248,37.37408],[-121.98248,37.37023],[-121.99644,37.37037],[-121.99597,37.36068],[-121.99963,37.36067],[-121.99961,37.35954],[-122.00053,37.35953],[-122.00045,37.35408],[-122.0016,37.35406],[-122.00159,37.35241],[-122.00044,37.35338],[-121.99994,37.34715],[-122.0002,37.34525],[-122.00303,37.34527],[-122.0029,37.34142],[-121.99556,37.34145],[-121.9957,37.33781],[-122.01648,37.3377],[-122.01647,37.33294],[-122.02001,37.33292],[-122.01963,37.33771],[-122.02215,37.33708],[-122.03045,37.3376],[-122.03046,37.33826],[-122.03242,37.33823],[-122.03243,37.33945],[-122.03689,37.33943],[-122.03688,37.33754],[-122.04371,37.33753],[-122.04371,37.33393],[-122.04484,37.33395],[-122.04484,37.33752],[-122.05055,37.33751],[-122.05098,37.33283],[-122.05288,37.33187],[-122.05285,37.33024],[-122.05445,37.33023],[-122.05729,37.33135],[-122.05731,37.33458],[-122.05856,37.33609],[-122.05807,37.33775],[-122.05962,37.33834],[-122.05961,37.3375],[-122.06246,37.3375],[-122.06247,37.33954],[-122.06481,37.34158],[-122.06521,37.34315],[-122.06349,37.34685],[-122.06499,37.34778],[-122.0629,37.35194],[-122.06349,37.35291],[-122.06069,37.35477],[-122.06172,37.3556],[-122.06104,37.35763],[-122.06267,37.35871],[-122.0615,37.36115],[-122.06328,37.36673],[-122.05828,37.37481],[-122.06028,37.37557],[-122.05694,37.38546],[-122.05266,37.38455],[-122.05205,37.3864],[-122.04757,37.38653],[-122.04745,37.3891],[-122.04677,37.38906],[-122.04497,37.39442],[-122.04679,37.39501],[-122.045,37.3998],[-122.04742,37.40154],[-122.04695,37.40283],[-122.03667,37.40064],[-122.03722,37.41876],[-122.03467,37.42632],[-122.04363,37.42718],[-122.05206,37.42532],[-122.05946,37.42648],[-122.05995,37.4455],[-122.05619,37.44731],[-122.0499,37.44791],[-122.04932,37.44895],[-122.0482,37.44791],[-122.04605,37.44855],[-122.04604,37.44862]]]}},{"type":"Feature","properties":{"city":"Cupertino","boundaryType":"Official city/town limit","source":"California City Boundaries and Identifiers, CDTFA/California State Geoportal","county":"Santa Clara County","placeType":"City","areaSqMi":11.25918832016343},"geometry":{"type":"Polygon","coordinates":[[[-122.07483,37.33224],[-122.06973,37.32971],[-122.06878,37.33311],[-122.06806,37.33311],[-122.06891,37.33136],[-122.06365,37.33044],[-122.06227,37.32985],[-122.06231,37.3287],[-122.06031,37.32855],[-122.05966,37.32935],[-122.06143,37.33048],[-122.06097,37.33118],[-122.06179,37.33089],[-122.06119,37.33148],[-122.06389,37.33237],[-122.06399,37.33332],[-122.06841,37.33351],[-122.06801,37.33535],[-122.06856,37.33381],[-122.06814,37.33545],[-122.06381,37.33411],[-122.06511,37.3353],[-122.06482,37.33646],[-122.06743,37.33748],[-122.05961,37.3375],[-122.05962,37.33834],[-122.05787,37.3374],[-122.05859,37.33635],[-122.05731,37.33458],[-122.05729,37.33135],[-122.05445,37.33023],[-122.05285,37.33024],[-122.05288,37.33187],[-122.05098,37.33283],[-122.05055,37.33751],[-122.04484,37.33752],[-122.04484,37.33395],[-122.04371,37.33393],[-122.04371,37.33753],[-122.03688,37.33754],[-122.03689,37.33943],[-122.03243,37.33945],[-122.03242,37.33823],[-122.03046,37.33826],[-122.03045,37.3376],[-122.02215,37.33708],[-122.01963,37.33771],[-122.01977,37.33292],[-122.01647,37.33294],[-122.01648,37.3377],[-122.0024,37.33776],[-122.00245,37.33408],[-122.0047,37.33407],[-122.00473,37.32304],[-122.00338,37.32301],[-122.00282,37.32005],[-121.99978,37.32106],[-121.99585,37.3204],[-121.99617,37.30963],[-122.00777,37.31076],[-122.02185,37.30953],[-122.03433,37.31233],[-122.03304,37.30607],[-122.03512,37.3038],[-122.03226,37.30216],[-122.03228,37.29396],[-122.04744,37.29375],[-122.04952,37.29301],[-122.05036,37.29744],[-122.05802,37.29737],[-122.05957,37.29619],[-122.05958,37.2901],[-122.06406,37.29009],[-122.0639,37.28273],[-122.05939,37.28275],[-122.05942,37.27854],[-122.06387,37.28112],[-122.06382,37.2791],[-122.06857,37.27881],[-122.06849,37.29374],[-122.06688,37.2937],[-122.06687,37.29499],[-122.06846,37.29657],[-122.06843,37.30033],[-122.09094,37.30068],[-122.0911,37.30804],[-122.0776,37.30807],[-122.08645,37.30864],[-122.0866,37.31536],[-122.0776,37.31534],[-122.0776,37.31718],[-122.08168,37.32032],[-122.07814,37.32317],[-122.08258,37.32371],[-122.08943,37.32672],[-122.08284,37.33113],[-122.08399,37.3314],[-122.08466,37.33407],[-122.08739,37.33369],[-122.08732,37.33296],[-122.09093,37.33661],[-122.09052,37.33962],[-122.0897,37.34035],[-122.08331,37.33672],[-122.08394,37.33572],[-122.08199,37.332],[-122.08077,37.33191],[-122.07931,37.3334],[-122.07971,37.3341],[-122.07499,37.33236],[-122.07483,37.33224]]]}},{"type":"Feature","properties":{"city":"Saratoga","boundaryType":"Official city/town limit","source":"California City Boundaries and Identifiers, CDTFA/California State Geoportal","county":"Santa Clara County","placeType":"City","areaSqMi":12.780440898693644},"geometry":{"type":"Polygon","coordinates":[[[-121.99074,37.26902],[-121.99214,37.2578],[-121.99335,37.25665],[-121.99262,37.2538],[-121.9954,37.25121],[-121.99525,37.24665],[-121.99834,37.24272],[-122.00577,37.24041],[-122.0089,37.23732],[-122.01265,37.23847],[-122.01159,37.23879],[-122.01234,37.24045],[-122.00966,37.24046],[-122.01359,37.24249],[-122.01362,37.24393],[-122.01688,37.24363],[-122.01854,37.24299],[-122.01851,37.24207],[-122.02123,37.243],[-122.02605,37.2398],[-122.02718,37.23992],[-122.02723,37.24288],[-122.04834,37.24355],[-122.04747,37.2444],[-122.04634,37.24387],[-122.04532,37.24904],[-122.0502,37.24625],[-122.05031,37.25198],[-122.05255,37.25135],[-122.053,37.25011],[-122.05927,37.2518],[-122.05928,37.261],[-122.06754,37.26213],[-122.06868,37.27194],[-122.06436,37.27193],[-122.06439,37.27895],[-122.06202,37.27976],[-122.05942,37.27854],[-122.0582,37.27913],[-122.05825,37.28545],[-122.05647,37.28602],[-122.05494,37.28538],[-122.05465,37.29061],[-122.05125,37.29055],[-122.04952,37.29301],[-122.04744,37.29375],[-122.03163,37.29406],[-122.00775,37.29334],[-122.00742,37.29642],[-122.00171,37.29553],[-122.00348,37.29309],[-121.99391,37.292],[-121.99407,37.29108],[-121.996,37.2913],[-121.99613,37.29057],[-121.99479,37.29042],[-121.99629,37.28777],[-121.99469,37.28748],[-121.99444,37.28053],[-121.98971,37.28065],[-121.98951,37.27624],[-121.99424,37.2761],[-121.99365,37.27036],[-121.99082,37.26906],[-121.99074,37.26902]],[[-122.01011,37.2403],[-122.01009,37.24056],[-122.01016,37.24053],[-122.01028,37.24046],[-122.01011,37.2403]]]}},{"type":"Feature","properties":{"city":"Monte Sereno","boundaryType":"Official city/town limit","source":"California City Boundaries and Identifiers, CDTFA/California State Geoportal","county":"Santa Clara County","placeType":"City","areaSqMi":1.6233138251539854},"geometry":{"type":"Polygon","coordinates":[[[-121.977265,37.251128],[-121.976712,37.249328],[-121.974301,37.249131],[-121.974932,37.249772],[-121.973889,37.251402],[-121.969368,37.250944],[-121.972833,37.246864],[-121.974635,37.24745],[-121.975265,37.24655],[-121.9735,37.246085],[-121.975516,37.243398],[-121.972305,37.242333],[-121.974003,37.240786],[-121.976824,37.241248],[-121.977235,37.238434],[-121.978707,37.238375],[-121.979602,37.237113],[-121.983798,37.238476],[-121.982095,37.23934],[-121.982146,37.24102],[-121.983065,37.241181],[-121.983366,37.240068],[-121.985721,37.240068],[-121.986157,37.238449],[-121.983813,37.237396],[-121.986204,37.235746],[-121.981827,37.234496],[-121.98413,37.231135],[-121.986087,37.229885],[-121.988069,37.231065],[-121.98957,37.229469],[-121.99253,37.229355],[-121.999192,37.226508],[-121.999176,37.227768],[-122.002575,37.23046],[-122.003128,37.229743],[-122.002696,37.230557],[-122.004314,37.231854],[-121.999024,37.235253],[-122.000135,37.236126],[-122.002041,37.234695],[-122.004489,37.237734],[-122.005181,37.240242],[-122.004067,37.2406],[-122.002294,37.237031],[-122.000031,37.237329],[-122.000941,37.235794],[-121.999313,37.237032],[-121.996941,37.235811],[-121.995466,37.236476],[-121.994654,37.23777],[-121.995191,37.238473],[-121.991768,37.24174],[-121.99174,37.242406],[-121.995424,37.243315],[-121.997025,37.241859],[-121.998403,37.242143],[-121.998075,37.240294],[-122.000893,37.241078],[-122.000875,37.239944],[-122.002304,37.240016],[-122.002133,37.241328],[-122.003827,37.241175],[-121.999249,37.242348],[-121.996979,37.243956],[-121.995214,37.246737],[-121.995313,37.250939],[-121.979324,37.249545],[-121.979659,37.25275],[-121.977265,37.251128]]]}},{"type":"Feature","properties":{"city":"Los Gatos","boundaryType":"Official city/town limit","source":"California City Boundaries and Identifiers, CDTFA/California State Geoportal","county":"Santa Clara County","placeType":"Town","areaSqMi":11.662777302216883},"geometry":{"type":"Polygon","coordinates":[[[-121.95142,37.25438],[-121.95241,37.25317],[-121.95004,37.24649],[-121.94873,37.24672],[-121.94902,37.24781],[-121.94816,37.24796],[-121.94624,37.2436],[-121.94035,37.24352],[-121.94023,37.23613],[-121.93457,37.23615],[-121.93383,37.24342],[-121.93138,37.24343],[-121.93137,37.24242],[-121.93055,37.24241],[-121.93057,37.24344],[-121.92761,37.24346],[-121.92756,37.24115],[-121.92648,37.24115],[-121.92513,37.24116],[-121.92515,37.24348],[-121.92284,37.24332],[-121.92334,37.23984],[-121.92512,37.24009],[-121.92509,37.23618],[-121.91126,37.23631],[-121.91121,37.23056],[-121.90976,37.23052],[-121.90973,37.22755],[-121.91289,37.22669],[-121.91287,37.22532],[-121.91065,37.22505],[-121.9068,37.22646],[-121.90554,37.22437],[-121.90672,37.22196],[-121.9091,37.22032],[-121.90903,37.218],[-121.9133,37.21629],[-121.91281,37.21106],[-121.92184,37.21193],[-121.92184,37.21342],[-121.92101,37.21338],[-121.92182,37.21477],[-121.92576,37.21334],[-121.93091,37.21319],[-121.93094,37.1993],[-121.94755,37.1993],[-121.94726,37.20691],[-121.95493,37.20705],[-121.95448,37.21023],[-121.94946,37.21054],[-121.94944,37.21136],[-121.95369,37.21112],[-121.95384,37.21212],[-121.9548,37.21223],[-121.95483,37.21116],[-121.95639,37.211],[-121.95664,37.20708],[-121.95891,37.20713],[-121.95868,37.20915],[-121.95958,37.20941],[-121.95852,37.21057],[-121.95966,37.2106],[-121.96002,37.21252],[-121.9615,37.21197],[-121.96239,37.21411],[-121.9639,37.21351],[-121.96738,37.2142],[-121.96775,37.21165],[-121.97005,37.21201],[-121.97051,37.2142],[-121.97187,37.2142],[-121.97186,37.20972],[-121.97085,37.20721],[-121.97339,37.2068],[-121.97335,37.20524],[-121.97189,37.20526],[-121.97196,37.20341],[-121.97629,37.20336],[-121.97628,37.20184],[-121.98586,37.20139],[-121.98581,37.20532],[-121.98862,37.20532],[-121.98841,37.20701],[-121.98911,37.20728],[-121.9892,37.21065],[-121.98722,37.21242],[-121.9869,37.21421],[-121.99028,37.2141],[-121.99052,37.22067],[-121.99329,37.21996],[-121.99159,37.22143],[-121.9971,37.22606],[-121.997,37.22712],[-121.99253,37.22936],[-121.98957,37.22947],[-121.98807,37.23107],[-121.98609,37.22988],[-121.98413,37.23114],[-121.98183,37.2345],[-121.9862,37.23575],[-121.98381,37.2374],[-121.98616,37.23845],[-121.98572,37.24007],[-121.98337,37.24007],[-121.98306,37.24118],[-121.98215,37.24102],[-121.9821,37.23934],[-121.9838,37.23848],[-121.9796,37.23711],[-121.97871,37.23837],[-121.97723,37.23843],[-121.97682,37.24125],[-121.974,37.24079],[-121.9723,37.24233],[-121.97552,37.2434],[-121.9735,37.24608],[-121.97526,37.24655],[-121.97487,37.24726],[-121.97283,37.24686],[-121.96937,37.25094],[-121.97389,37.2514],[-121.97493,37.24977],[-121.9743,37.24913],[-121.97671,37.24933],[-121.97811,37.25387],[-121.98,37.25429],[-121.97932,37.24954],[-121.99533,37.25094],[-121.99262,37.2538],[-121.99335,37.25665],[-121.99214,37.2578],[-121.99209,37.26288],[-121.98126,37.26515],[-121.97389,37.2653],[-121.97199,37.2639],[-121.96264,37.26414],[-121.96283,37.2634],[-121.96095,37.26304],[-121.96202,37.26169],[-121.95619,37.26083],[-121.95391,37.25836],[-121.95548,37.25632],[-121.95156,37.25444],[-121.95142,37.25438]],[[-121.94803,37.24328],[-121.94852,37.24319],[-121.94852,37.24318],[-121.94848,37.24305],[-121.94803,37.24328]],[[-121.94872,37.24315],[-121.95401,37.24237],[-121.95373,37.24162],[-121.95498,37.24116],[-121.95542,37.24208],[-121.95681,37.24173],[-121.9567,37.24037],[-121.95707,37.24162],[-121.9593,37.24097],[-121.95898,37.24022],[-121.96041,37.23983],[-121.96181,37.23785],[-121.95791,37.23731],[-121.9573,37.23624],[-121.95542,37.23691],[-121.9563,37.23713],[-121.95579,37.23793],[-121.955,37.23619],[-121.95163,37.23618],[-121.95047,37.23752],[-121.95018,37.23646],[-121.94904,37.2367],[-121.95012,37.23769],[-121.94885,37.23839],[-121.9485,37.23735],[-121.94841,37.2384],[-121.94691,37.2392],[-121.94822,37.23936],[-121.94706,37.23976],[-121.94794,37.24297],[-121.94902,37.24232],[-121.94868,37.243],[-121.94872,37.24315]],[[-121.9497,37.23619],[-121.95029,37.23633],[-121.94907,37.23555],[-121.94822,37.23636],[-121.94965,37.23621],[-121.9497,37.23619]],[[-121.95006,37.2357],[-121.95014,37.23594],[-121.95062,37.23589],[-121.95066,37.23589],[-121.95006,37.2357]],[[-121.9549,37.2415],[-121.95427,37.24233],[-121.95522,37.24215],[-121.9549,37.2415],[-121.9549,37.2415]],[[-121.92991,37.22888],[-121.93282,37.22886],[-121.93415,37.22601],[-121.93766,37.22443],[-121.93656,37.22264],[-121.93505,37.22266],[-121.93502,37.22157],[-121.93787,37.22155],[-121.93547,37.22074],[-121.9356,37.21947],[-121.93291,37.21972],[-121.93209,37.21895],[-121.93207,37.22025],[-121.92988,37.21927],[-121.93388,37.21839],[-121.93414,37.21429],[-121.92739,37.21438],[-121.92247,37.21579],[-121.92182,37.21802],[-121.91601,37.2175],[-121.91669,37.21847],[-121.92087,37.21911],[-121.91997,37.22168],[-121.92194,37.22165],[-121.9219,37.21924],[-121.92343,37.21978],[-121.92543,37.21907],[-121.92399,37.21998],[-121.92549,37.22233],[-121.93108,37.22514],[-121.93155,37.22672],[-121.92706,37.22466],[-121.92593,37.22533],[-121.92646,37.22603],[-121.92767,37.22559],[-121.92759,37.22703],[-121.92912,37.22701],[-121.92949,37.22888],[-121.92991,37.22888]],[[-121.95273,37.21414],[-121.954,37.21428],[-121.95314,37.21164],[-121.95016,37.21198],[-121.9523,37.21224],[-121.95266,37.21411],[-121.95273,37.21414]],[[-121.95753,37.21241],[-121.95625,37.2131],[-121.95622,37.21426],[-121.95941,37.21414],[-121.95821,37.2121],[-121.95753,37.21241]],[[-121.95937,37.21397],[-121.95996,37.21416],[-121.95996,37.21303],[-121.9584,37.21232],[-121.95937,37.21397],[-121.95937,37.21397]],[[-121.98642,37.20701],[-121.98692,37.20593],[-121.98303,37.20691],[-121.98065,37.20586],[-121.9798,37.20856],[-121.97837,37.20829],[-121.97633,37.20956],[-121.97636,37.21419],[-121.98511,37.21417],[-121.98607,37.21312],[-121.9864,37.20703],[-121.98642,37.20701]]]}},{"type":"Feature","properties":{"city":"Campbell","boundaryType":"Official city/town limit","source":"California City Boundaries and Identifiers, CDTFA/California State Geoportal","county":"Santa Clara County","placeType":"City","areaSqMi":6.094582674551663},"geometry":{"type":"Polygon","coordinates":[[[-121.951416,37.254377],[-121.955478,37.256317],[-121.953915,37.25836],[-121.956192,37.260826],[-121.962022,37.261689],[-121.960951,37.263038],[-121.96283,37.2634],[-121.962637,37.264144],[-121.971989,37.263901],[-121.973894,37.265299],[-121.98126,37.265149],[-121.992037,37.263402],[-121.990652,37.266539],[-121.990738,37.269023],[-121.985176,37.266475],[-121.981793,37.26703],[-121.983333,37.269887],[-121.981228,37.271175],[-121.982122,37.273697],[-121.982916,37.273418],[-121.983029,37.27641],[-121.979701,37.276502],[-121.979801,37.279009],[-121.977293,37.279147],[-121.976718,37.277326],[-121.96894,37.277255],[-121.964741,37.278807],[-121.964767,37.281965],[-121.966493,37.281945],[-121.965835,37.286892],[-121.974163,37.286277],[-121.974043,37.284478],[-121.976641,37.284389],[-121.976645,37.283606],[-121.982972,37.283473],[-121.983106,37.286099],[-121.984044,37.28632],[-121.979835,37.289986],[-121.98165,37.291314],[-121.980284,37.292507],[-121.976612,37.289827],[-121.976607,37.290712],[-121.970716,37.290808],[-121.970845,37.295374],[-121.961294,37.295531],[-121.962427,37.296195],[-121.962614,37.297891],[-121.959031,37.297899],[-121.959022,37.295536],[-121.947643,37.295746],[-121.947625,37.294938],[-121.944638,37.294988],[-121.945402,37.306996],[-121.943964,37.306916],[-121.943173,37.303315],[-121.940884,37.303323],[-121.940909,37.30529],[-121.939935,37.305316],[-121.939851,37.302428],[-121.93813,37.30242],[-121.93811,37.29976],[-121.940289,37.299747],[-121.937727,37.294644],[-121.935822,37.294474],[-121.931691,37.29811],[-121.931704,37.294316],[-121.918088,37.294407],[-121.918053,37.289893],[-121.922612,37.289864],[-121.922465,37.282634],[-121.923571,37.281424],[-121.927181,37.282036],[-121.930827,37.281412],[-121.931661,37.282406],[-121.934189,37.282396],[-121.933917,37.279899],[-121.935837,37.279854],[-121.933845,37.274672],[-121.937951,37.274517],[-121.937903,37.273233],[-121.941353,37.272612],[-121.940633,37.272455],[-121.940921,37.267906],[-121.942923,37.266897],[-121.941964,37.266033],[-121.944016,37.263603],[-121.94504,37.263599],[-121.944132,37.262889],[-121.951416,37.254377]]]}},{"type":"Feature","properties":{"city":"Santa Clara","boundaryType":"Official city/town limit","source":"California City Boundaries and Identifiers, CDTFA/California State Geoportal","county":"Santa Clara County","placeType":"City","areaSqMi":18.18946809045545},"geometry":{"type":"Polygon","coordinates":[[[-121.96465,37.41427],[-121.96593,37.41499],[-121.96116,37.40979],[-121.95443,37.40755],[-121.95183,37.40402],[-121.94759,37.40119],[-121.94309,37.40097],[-121.94164,37.39992],[-121.94226,37.39742],[-121.94094,37.39655],[-121.93955,37.39088],[-121.93665,37.38677],[-121.93633,37.38461],[-121.93856,37.38228],[-121.93848,37.38043],[-121.94097,37.37844],[-121.94342,37.37742],[-121.94766,37.37823],[-121.94575,37.37392],[-121.93504,37.37232],[-121.93836,37.37267],[-121.93606,37.36583],[-121.9413,37.37065],[-121.94127,37.36693],[-121.93183,37.35742],[-121.93212,37.3495],[-121.92971,37.34804],[-121.93197,37.34447],[-121.93212,37.33796],[-121.95018,37.33807],[-121.95022,37.32996],[-121.95655,37.32996],[-121.9565,37.32715],[-121.95035,37.32701],[-121.95036,37.32846],[-121.95305,37.32846],[-121.95305,37.32985],[-121.95022,37.32985],[-121.95003,37.32578],[-121.94674,37.32582],[-121.9467,37.32337],[-122.00473,37.32304],[-122.0047,37.33407],[-122.00245,37.33408],[-122.0024,37.33776],[-121.99539,37.33816],[-121.99556,37.34145],[-122.0029,37.34142],[-122.00295,37.34244],[-122.00303,37.34527],[-122.0002,37.34525],[-122.00044,37.35338],[-122.00159,37.35241],[-122.0016,37.35406],[-122.00045,37.35408],[-122.00053,37.35953],[-121.99961,37.35954],[-121.99963,37.36067],[-121.99597,37.36068],[-121.99644,37.37037],[-121.97739,37.37023],[-121.98248,37.37061],[-121.98248,37.37408],[-122.00486,37.37388],[-122.00414,37.37693],[-121.98686,37.3777],[-121.98625,37.41176],[-121.96996,37.41832],[-121.96795,37.41853],[-121.9656,37.41534],[-121.96465,37.41427]],[[-121.97907,37.33807],[-121.97906,37.33804],[-121.97905,37.33804],[-121.97888,37.33804],[-121.97907,37.33807]]]}},{"type":"Feature","properties":{"city":"San Jose","boundaryType":"Official city/town limit","source":"California City Boundaries and Identifiers, CDTFA/California State Geoportal","county":"Santa Clara County","placeType":"City","areaSqMi":180.35021358785943},"geometry":{"type":"MultiPolygon","coordinates":[[[[-121.92527,37.45427],[-121.92529,37.45349],[-121.92826,37.45264],[-121.92723,37.45079],[-121.92513,37.45132],[-121.92369,37.44995],[-121.9248,37.44751],[-121.92367,37.4464],[-121.9236,37.44286],[-121.92686,37.43902],[-121.92612,37.4358],[-121.92851,37.43063],[-121.92797,37.42785],[-121.92524,37.42405],[-121.92552,37.4231],[-121.93147,37.41977],[-121.93016,37.41909],[-121.9302,37.41784],[-121.92806,37.41519],[-121.92677,37.41512],[-121.92329,37.41121],[-121.92382,37.40623],[-121.91809,37.40365],[-121.91548,37.39907],[-121.91531,37.39636],[-121.90574,37.40464],[-121.89135,37.40338],[-121.88789,37.40696],[-121.88861,37.40769],[-121.88082,37.41152],[-121.88207,37.41315],[-121.88019,37.41376],[-121.88038,37.41442],[-121.85996,37.42252],[-121.85797,37.42152],[-121.83772,37.42591],[-121.83713,37.42517],[-121.83936,37.42404],[-121.839,37.42109],[-121.83008,37.40781],[-121.82737,37.40821],[-121.82654,37.40961],[-121.8274,37.41092],[-121.82616,37.41231],[-121.82649,37.41331],[-121.82471,37.41371],[-121.82508,37.41434],[-121.82106,37.41124],[-121.81509,37.40421],[-121.81275,37.40875],[-121.80977,37.40718],[-121.80249,37.40733],[-121.80324,37.41305],[-121.80222,37.41525],[-121.79148,37.41312],[-121.78963,37.40571],[-121.78658,37.40469],[-121.78514,37.40056],[-121.78534,37.39685],[-121.78387,37.39579],[-121.78375,37.3915],[-121.7856,37.39101],[-121.78916,37.39916],[-121.79267,37.40065],[-121.79416,37.39822],[-121.79498,37.39394],[-121.80038,37.3915],[-121.8016,37.3914],[-121.80315,37.39454],[-121.80597,37.39492],[-121.80516,37.39341],[-121.80577,37.39317],[-121.80367,37.39061],[-121.80583,37.38965],[-121.80866,37.39194],[-121.81194,37.3918],[-121.81374,37.39065],[-121.81419,37.392],[-121.81926,37.39231],[-121.81945,37.39347],[-121.82521,37.39455],[-121.8264,37.39655],[-121.82593,37.39546],[-121.82793,37.39505],[-121.8268,37.39284],[-121.82541,37.39272],[-121.82767,37.39166],[-121.82943,37.39389],[-121.83228,37.39362],[-121.83268,37.39256],[-121.834,37.39242],[-121.82855,37.38428],[-121.82644,37.38518],[-121.82451,37.38216],[-121.82427,37.38138],[-121.82661,37.38091],[-121.82596,37.38009],[-121.82743,37.38063],[-121.82894,37.3791],[-121.82617,37.37652],[-121.82524,37.37733],[-121.82662,37.37865],[-121.82406,37.3794],[-121.82249,37.37853],[-121.82364,37.37672],[-121.82492,37.37593],[-121.82504,37.37725],[-121.82713,37.37527],[-121.83057,37.3785],[-121.83206,37.37765],[-121.83378,37.37878],[-121.8343,37.37945],[-121.83314,37.38],[-121.83418,37.38138],[-121.8386,37.37923],[-121.83704,37.3772],[-121.83536,37.37783],[-121.83471,37.37697],[-121.83604,37.37589],[-121.8355,37.37519],[-121.8329,37.37628],[-121.83425,37.37525],[-121.83132,37.37297],[-121.83328,37.37232],[-121.83242,37.37129],[-121.82883,37.3731],[-121.82241,37.37132],[-121.82364,37.37156],[-121.82419,37.37066],[-121.82895,37.37226],[-121.83212,37.37085],[-121.83062,37.37065],[-121.8316,37.36997],[-121.82864,37.3665],[-121.82713,37.36753],[-121.82586,37.36664],[-121.82725,37.36518],[-121.82596,37.36376],[-121.82247,37.36451],[-121.82528,37.36302],[-121.82418,37.36188],[-121.82229,37.36316],[-121.82157,37.36175],[-121.82312,37.3607],[-121.82133,37.35875],[-121.81897,37.35954],[-121.81723,37.35762],[-121.8162,37.35831],[-121.81784,37.35988],[-121.81608,37.36108],[-121.81457,37.35943],[-121.81235,37.36164],[-121.81443,37.36389],[-121.81277,37.36502],[-121.81642,37.36786],[-121.82015,37.36532],[-121.822,37.36606],[-121.82052,37.36843],[-121.819,37.36621],[-121.81579,37.3684],[-121.81813,37.37055],[-121.81639,37.37113],[-121.81687,37.37204],[-121.81864,37.37144],[-121.81793,37.37257],[-121.81912,37.37304],[-121.81819,37.37453],[-121.81634,37.37379],[-121.81594,37.37494],[-121.81403,37.37452],[-121.81443,37.373],[-121.81559,37.37334],[-121.81591,37.37236],[-121.81468,37.37223],[-121.81288,37.36897],[-121.80963,37.37065],[-121.80846,37.3691],[-121.80999,37.36837],[-121.80893,37.368],[-121.80713,37.36969],[-121.80777,37.3707],[-121.80565,37.371],[-121.80597,37.37157],[-121.8012,37.37391],[-121.79804,37.37108],[-121.80162,37.36857],[-121.79924,37.36748],[-121.79375,37.37121],[-121.79028,37.36726],[-121.79517,37.36337],[-121.79441,37.36175],[-121.79175,37.36043],[-121.79813,37.36045],[-121.79651,37.35833],[-121.79919,37.35779],[-121.79829,37.35562],[-121.7952,37.35428],[-121.79004,37.35429],[-121.78993,37.35156],[-121.78667,37.34933],[-121.78853,37.34754],[-121.78746,37.34629],[-121.78873,37.34505],[-121.78132,37.34001],[-121.78172,37.33944],[-121.78077,37.33963],[-121.77229,37.33399],[-121.77175,37.33189],[-121.76989,37.33242],[-121.76866,37.33085],[-121.76784,37.33137],[-121.76831,37.33493],[-121.76347,37.33635],[-121.76282,37.33565],[-121.7666,37.33349],[-121.76618,37.33215],[-121.76498,37.33238],[-121.76631,37.33033],[-121.76606,37.32869],[-121.76278,37.32944],[-121.76109,37.32444],[-121.75962,37.32449],[-121.75714,37.31658],[-121.74896,37.3136],[-121.75008,37.31262],[-121.74908,37.30922],[-121.74593,37.30846],[-121.74426,37.30608],[-121.74384,37.30261],[-121.75189,37.301],[-121.74992,37.29451],[-121.74624,37.29446],[-121.742,37.29252],[-121.73559,37.29134],[-121.70992,37.29538],[-121.70685,37.29161],[-121.7075,37.28955],[-121.70637,37.28756],[-121.71706,37.28381],[-121.71777,37.28522],[-121.72273,37.28392],[-121.72763,37.28581],[-121.73638,37.28662],[-121.73903,37.28421],[-121.73839,37.28191],[-121.73955,37.28165],[-121.73856,37.2812],[-121.73895,37.27873],[-121.73716,37.27905],[-121.73522,37.27735],[-121.73624,37.27478],[-121.73397,37.27375],[-121.73486,37.27247],[-121.73102,37.27064],[-121.73478,37.26719],[-121.73827,37.26845],[-121.7442,37.2728],[-121.74964,37.2723],[-121.75102,37.27031],[-121.75558,37.27041],[-121.75753,37.26858],[-121.78679,37.26939],[-121.78696,37.26605],[-121.78253,37.26371],[-121.77867,37.26038],[-121.77947,37.25974],[-121.77139,37.25501],[-121.76891,37.2521],[-121.76708,37.25368],[-121.7649,37.25184],[-121.76421,37.2522],[-121.76766,37.25457],[-121.76286,37.25841],[-121.7451,37.25854],[-121.73967,37.26157],[-121.73343,37.25717],[-121.73878,37.25293],[-121.7184,37.23693],[-121.72135,37.23655],[-121.72675,37.23758],[-121.72928,37.23506],[-121.73503,37.23516],[-121.75044,37.22685],[-121.7404,37.21837],[-121.73844,37.21959],[-121.73496,37.2183],[-121.73779,37.21722],[-121.73301,37.21163],[-121.73333,37.21104],[-121.73004,37.20873],[-121.72722,37.2105],[-121.72595,37.20862],[-121.72325,37.20772],[-121.72468,37.20682],[-121.72124,37.20455],[-121.72049,37.20507],[-121.7196,37.20338],[-121.72297,37.20087],[-121.7213,37.19922],[-121.72212,37.19864],[-121.72087,37.19879],[-121.71885,37.19686],[-121.71943,37.19601],[-121.7176,37.19655],[-121.71573,37.19474],[-121.71366,37.19611],[-121.71169,37.19507],[-121.71067,37.19409],[-121.71328,37.19238],[-121.71157,37.18983],[-121.70743,37.19316],[-121.70627,37.19198],[-121.70221,37.19493],[-121.70899,37.1993],[-121.70698,37.20094],[-121.71487,37.20753],[-121.70716,37.20749],[-121.70296,37.20347],[-121.69239,37.20068],[-121.67912,37.20067],[-121.67912,37.20242],[-121.67336,37.20336],[-121.66783,37.20619],[-121.66478,37.20619],[-121.66512,37.20798],[-121.66388,37.21034],[-121.66221,37.21038],[-121.6613,37.2119],[-121.65767,37.21338],[-121.65606,37.21668],[-121.64002,37.21672],[-121.6395,37.21577],[-121.6315,37.21673],[-121.6313,37.20231],[-121.60431,37.20236],[-121.60421,37.19516],[-121.58595,37.19519],[-121.58586,37.18821],[-121.59008,37.18811],[-121.60228,37.17972],[-121.60749,37.17754],[-121.60865,37.17923],[-121.61052,37.17843],[-121.60937,37.17675],[-121.62286,37.17102],[-121.62934,37.16603],[-121.63289,37.16484],[-121.64139,37.16746],[-121.64102,37.16824],[-121.64222,37.16861],[-121.64259,37.16785],[-121.65785,37.17259],[-121.66311,37.17276],[-121.66417,37.17052],[-121.67015,37.17305],[-121.66956,37.17341],[-121.67629,37.17997],[-121.67983,37.17987],[-121.68859,37.1883],[-121.69103,37.18663],[-121.69554,37.18791],[-121.69655,37.18726],[-121.70822,37.19203],[-121.707,37.19145],[-121.70875,37.19018],[-121.70748,37.18912],[-121.70986,37.18817],[-121.70619,37.18553],[-121.7052,37.18618],[-121.70301,37.1854],[-121.70191,37.18377],[-121.70332,37.18184],[-121.69504,37.17373],[-121.69551,37.17317],[-121.69495,37.17364],[-121.69076,37.16954],[-121.67615,37.17897],[-121.67073,37.17348],[-121.67335,37.17092],[-121.67023,37.16907],[-121.66638,37.16852],[-121.66882,37.16644],[-121.66557,37.16402],[-121.67751,37.15582],[-121.68014,37.15838],[-121.67225,37.16401],[-121.6769,37.1686],[-121.6851,37.16322],[-121.68396,37.16211],[-121.68963,37.1584],[-121.69227,37.16098],[-121.68661,37.1647],[-121.69102,37.16776],[-121.69276,37.16662],[-121.69376,37.1676],[-121.69181,37.16888],[-121.71826,37.19556],[-121.71953,37.1952],[-121.7207,37.19634],[-121.72015,37.19672],[-121.72311,37.1987],[-121.72258,37.19908],[-121.7239,37.20038],[-121.74491,37.18551],[-121.74218,37.18375],[-121.74077,37.18475],[-121.73242,37.17724],[-121.74263,37.17012],[-121.73617,37.15813],[-121.74046,37.1569],[-121.73942,37.15326],[-121.7491,37.15309],[-121.74924,37.15412],[-121.74527,37.15585],[-121.74728,37.15933],[-121.75115,37.16109],[-121.7538,37.15949],[-121.75694,37.15577],[-121.75518,37.15294],[-121.76063,37.15263],[-121.7621,37.14995],[-121.76478,37.14816],[-121.77424,37.14789],[-121.76346,37.1398],[-121.76654,37.13763],[-121.76219,37.13439],[-121.77567,37.12316],[-121.80287,37.13657],[-121.79425,37.14415],[-121.79384,37.14365],[-121.78249,37.14947],[-121.78447,37.15095],[-121.78668,37.1507],[-121.78673,37.15919],[-121.78178,37.15858],[-121.77299,37.16842],[-121.77025,37.16561],[-121.76034,37.16277],[-121.75837,37.16285],[-121.75656,37.16423],[-121.75692,37.16893],[-121.76092,37.17694],[-121.76235,37.17636],[-121.76599,37.17994],[-121.76706,37.17833],[-121.76887,37.17818],[-121.76835,37.17918],[-121.77113,37.17982],[-121.77407,37.1819],[-121.7733,37.18245],[-121.77616,37.18377],[-121.77684,37.18362],[-121.77593,37.18266],[-121.77875,37.18328],[-121.78228,37.1825],[-121.78425,37.18098],[-121.78267,37.18166],[-121.78243,37.17998],[-121.78071,37.18044],[-121.77684,37.17887],[-121.78499,37.17906],[-121.78477,37.17574],[-121.78324,37.17613],[-121.78759,37.17218],[-121.80286,37.17191],[-121.81517,37.16988],[-121.81781,37.17304],[-121.82095,37.17133],[-121.81897,37.17269],[-121.81846,37.17458],[-121.81432,37.17625],[-121.81566,37.17606],[-121.81503,37.1765],[-121.81589,37.17751],[-121.81504,37.17745],[-121.81493,37.1792],[-121.81287,37.18147],[-121.81486,37.18547],[-121.80734,37.18951],[-121.80444,37.18897],[-121.80368,37.18993],[-121.7993,37.18861],[-121.79991,37.18723],[-121.79696,37.1866],[-121.79737,37.18569],[-121.79615,37.18331],[-121.79422,37.18278],[-121.79494,37.18403],[-121.7945,37.18578],[-121.79259,37.18649],[-121.78913,37.1856],[-121.78848,37.18379],[-121.78616,37.18324],[-121.78646,37.18416],[-121.78525,37.18456],[-121.78523,37.18557],[-121.78029,37.18824],[-121.77439,37.18828],[-121.76789,37.18544],[-121.76594,37.1877],[-121.7655,37.1902],[-121.77935,37.20236],[-121.77416,37.20868],[-121.75824,37.21723],[-121.76514,37.2154],[-121.7648,37.21593],[-121.76814,37.21878],[-121.77165,37.2203],[-121.77191,37.22159],[-121.77901,37.22453],[-121.78288,37.22036],[-121.78737,37.22185],[-121.78857,37.22316],[-121.79038,37.22306],[-121.79187,37.22494],[-121.79161,37.22612],[-121.80081,37.22614],[-121.80536,37.22432],[-121.80623,37.2253],[-121.80819,37.22491],[-121.80789,37.22595],[-121.80905,37.2268],[-121.81337,37.22661],[-121.81668,37.22823],[-121.81784,37.22759],[-121.82099,37.22972],[-121.82177,37.22804],[-121.82599,37.22866],[-121.82789,37.22765],[-121.82739,37.22578],[-121.83034,37.22703],[-121.83188,37.22606],[-121.83517,37.22661],[-121.8351,37.22818],[-121.84016,37.22957],[-121.84079,37.22514],[-121.84165,37.22464],[-121.84385,37.22686],[-121.84825,37.22821],[-121.84715,37.22428],[-121.84367,37.22463],[-121.84348,37.22335],[-121.84752,37.22088],[-121.84397,37.21992],[-121.84176,37.21699],[-121.83883,37.21571],[-121.83692,37.21755],[-121.83998,37.21893],[-121.84012,37.22012],[-121.83854,37.22079],[-121.83472,37.22013],[-121.83475,37.21754],[-121.83789,37.21517],[-121.8298,37.21271],[-121.82374,37.20716],[-121.82278,37.20903],[-121.8211,37.20871],[-121.82258,37.20943],[-121.81714,37.22031],[-121.81254,37.21924],[-121.81156,37.21755],[-121.80537,37.21615],[-121.80466,37.21395],[-121.80011,37.21087],[-121.80557,37.20328],[-121.81239,37.20367],[-121.81573,37.20504],[-121.81674,37.20337],[-121.81935,37.20546],[-121.8237,37.20702],[-121.8268,37.20507],[-121.8284,37.20167],[-121.82689,37.20065],[-121.82603,37.20243],[-121.82446,37.20195],[-121.82469,37.19996],[-121.82219,37.19934],[-121.82303,37.19729],[-121.82693,37.19946],[-121.83046,37.19643],[-121.83315,37.19793],[-121.8365,37.19481],[-121.83978,37.19507],[-121.83977,37.19309],[-121.8487,37.19306],[-121.84875,37.19677],[-121.85783,37.19676],[-121.85784,37.20039],[-121.86257,37.20041],[-121.86253,37.20396],[-121.87614,37.20388],[-121.87625,37.21239],[-121.88142,37.21469],[-121.88319,37.21402],[-121.88355,37.21632],[-121.88474,37.21755],[-121.88643,37.21764],[-121.88797,37.21983],[-121.892,37.21889],[-121.8945,37.21659],[-121.89291,37.21589],[-121.89223,37.21366],[-121.89033,37.21366],[-121.89938,37.20666],[-121.90489,37.21111],[-121.90677,37.21067],[-121.90937,37.21323],[-121.91204,37.21346],[-121.91283,37.21463],[-121.9133,37.21629],[-121.90903,37.218],[-121.9091,37.22032],[-121.90672,37.22196],[-121.90554,37.22437],[-121.9068,37.22646],[-121.91065,37.22505],[-121.91287,37.22532],[-121.91289,37.22669],[-121.90973,37.22755],[-121.90976,37.23052],[-121.91121,37.23056],[-121.91126,37.23631],[-121.92509,37.23618],[-121.92512,37.24009],[-121.92334,37.23984],[-121.92284,37.24332],[-121.92515,37.24348],[-121.92513,37.24116],[-121.92648,37.24115],[-121.92756,37.24115],[-121.92761,37.24346],[-121.93057,37.24344],[-121.93055,37.24241],[-121.93137,37.24242],[-121.93138,37.24343],[-121.93383,37.24342],[-121.93457,37.23615],[-121.94023,37.23613],[-121.94035,37.24352],[-121.94624,37.2436],[-121.94816,37.24796],[-121.94902,37.24781],[-121.94873,37.24672],[-121.95004,37.24649],[-121.95241,37.25317],[-121.94413,37.26289],[-121.94504,37.2636],[-121.94402,37.2636],[-121.94196,37.26603],[-121.94292,37.2669],[-121.94134,37.26736],[-121.94058,37.26903],[-121.94063,37.27246],[-121.94135,37.27261],[-121.9379,37.27323],[-121.93795,37.27452],[-121.93384,37.27467],[-121.93584,37.27985],[-121.93392,37.2799],[-121.93419,37.2824],[-121.93166,37.28241],[-121.93083,37.28141],[-121.92718,37.28204],[-121.92357,37.28142],[-121.92246,37.28263],[-121.92261,37.28986],[-121.91805,37.28989],[-121.91809,37.29441],[-121.9317,37.29432],[-121.93169,37.29811],[-121.93582,37.29447],[-121.93766,37.2946],[-121.94019,37.29898],[-121.94029,37.29975],[-121.93811,37.29976],[-121.93813,37.30242],[-121.93985,37.30243],[-121.93986,37.30529],[-121.94091,37.30529],[-121.94088,37.30332],[-121.94317,37.30332],[-121.94396,37.30692],[-121.9454,37.307],[-121.94464,37.29499],[-121.94762,37.29494],[-121.94764,37.29575],[-121.95902,37.29554],[-121.95903,37.2979],[-121.96261,37.29789],[-121.96243,37.29619],[-121.96129,37.29553],[-121.97084,37.29537],[-121.97072,37.29081],[-121.97661,37.29071],[-121.97661,37.28983],[-121.98028,37.29251],[-121.98165,37.29131],[-121.97983,37.28999],[-121.98404,37.28632],[-121.98311,37.2861],[-121.98297,37.28347],[-121.97664,37.28361],[-121.97664,37.28439],[-121.97404,37.28448],[-121.97416,37.28628],[-121.96583,37.28689],[-121.96649,37.28195],[-121.96477,37.28197],[-121.96474,37.27881],[-121.96894,37.27726],[-121.97672,37.27733],[-121.97729,37.27915],[-121.9798,37.27901],[-121.9797,37.2765],[-121.98303,37.27641],[-121.98292,37.27342],[-121.98212,37.2737],[-121.98123,37.27118],[-121.98333,37.26989],[-121.98179,37.26703],[-121.98518,37.26648],[-121.99365,37.27036],[-121.99424,37.2761],[-121.98951,37.27624],[-121.98971,37.28065],[-121.99444,37.28053],[-121.99469,37.28748],[-121.99629,37.28777],[-121.99524,37.28881],[-121.99627,37.28893],[-121.99479,37.29042],[-121.99613,37.29057],[-121.996,37.2913],[-121.99407,37.29108],[-121.99391,37.292],[-122.00348,37.29309],[-122.00171,37.29553],[-122.00349,37.29625],[-122.00742,37.29642],[-122.00775,37.29334],[-122.03228,37.29396],[-122.03226,37.30216],[-122.03512,37.3038],[-122.03304,37.30607],[-122.03433,37.31233],[-122.02185,37.30953],[-122.00777,37.31076],[-121.99617,37.30963],[-121.9956,37.32068],[-121.99978,37.32106],[-122.00282,37.32005],[-122.00338,37.32301],[-121.9467,37.32337],[-121.94674,37.32582],[-121.95003,37.32578],[-121.95022,37.32985],[-121.95305,37.32985],[-121.95305,37.32846],[-121.95036,37.32846],[-121.95035,37.32701],[-121.95644,37.327],[-121.95655,37.32996],[-121.95022,37.32996],[-121.95018,37.33807],[-121.93212,37.33796],[-121.93197,37.34447],[-121.92971,37.34804],[-121.93212,37.3495],[-121.93183,37.35742],[-121.94127,37.36693],[-121.9413,37.37065],[-121.93606,37.36583],[-121.93836,37.37267],[-121.93504,37.37232],[-121.94575,37.37392],[-121.94766,37.37823],[-121.94342,37.37742],[-121.94097,37.37844],[-121.93797,37.38078],[-121.93807,37.38212],[-121.93566,37.38461],[-121.93601,37.38703],[-121.93928,37.3903],[-121.94008,37.39457],[-121.94226,37.39742],[-121.94194,37.4005],[-121.94795,37.40164],[-121.95143,37.404],[-121.95443,37.40755],[-121.96008,37.4099],[-121.96795,37.41853],[-121.98625,37.41176],[-121.98636,37.41753],[-121.99579,37.41768],[-122.04605,37.44464],[-122.04603,37.44864],[-122.03491,37.4524],[-122.03499,37.45329],[-122.03795,37.45386],[-122.0389,37.455],[-122.03522,37.45735],[-122.0332,37.46031],[-122.03501,37.46348],[-122.04066,37.46292],[-122.03804,37.46404],[-122.02725,37.46531],[-122.01468,37.46479],[-121.9976,37.46688],[-121.99179,37.46364],[-121.97918,37.46058],[-121.97202,37.46088],[-121.96124,37.46358],[-121.95009,37.46127],[-121.94682,37.46291],[-121.94711,37.46739],[-121.94538,37.46915],[-121.9442,37.46846],[-121.9439,37.46542],[-121.941,37.46488],[-121.93909,37.46237],[-121.93572,37.46205],[-121.93512,37.46055],[-121.93233,37.46015],[-121.93326,37.45514],[-121.92943,37.45689],[-121.92789,37.45517],[-121.92531,37.45429],[-121.92527,37.45427]]],[[[-121.87153,37.39336],[-121.86911,37.39457],[-121.87169,37.39639],[-121.87288,37.39544],[-121.87153,37.39336]]],[[[-121.79801,37.34405],[-121.80492,37.34071],[-121.80044,37.33576],[-121.79449,37.33694],[-121.79853,37.34137],[-121.79507,37.34264],[-121.79793,37.34409],[-121.79801,37.34405]]],[[[-121.92869,37.32701],[-121.93146,37.32686],[-121.93213,37.32521],[-121.93481,37.32533],[-121.93449,37.3235],[-121.93211,37.32427],[-121.93216,37.32507],[-121.93082,37.32354],[-121.92937,37.32427],[-121.92587,37.32356],[-121.92569,37.32527],[-121.92732,37.32552],[-121.9269,37.32688],[-121.92856,37.32701],[-121.92869,37.32701]]],[[[-121.92581,37.32328],[-121.93171,37.32282],[-121.93098,37.32159],[-121.93341,37.32298],[-121.93825,37.32293],[-121.93969,37.32199],[-121.93866,37.31838],[-121.93161,37.31761],[-121.93241,37.31625],[-121.93348,37.31623],[-121.93295,37.31696],[-121.93858,37.31678],[-121.93869,37.31084],[-121.93978,37.31003],[-121.93945,37.3053],[-121.93716,37.30529],[-121.93719,37.30756],[-121.93642,37.30784],[-121.93223,37.30783],[-121.93163,37.3161],[-121.92542,37.31626],[-121.92544,37.31965],[-121.92391,37.31961],[-121.92376,37.32056],[-121.92375,37.31966],[-121.92221,37.31967],[-121.92223,37.32292],[-121.92581,37.32329],[-121.92581,37.32328]]],[[[-121.85413,37.30344],[-121.85768,37.30102],[-121.85391,37.29639],[-121.8529,37.29707],[-121.85132,37.29561],[-121.84539,37.29962],[-121.84842,37.30377],[-121.8506,37.30231],[-121.85273,37.30447],[-121.85429,37.3036],[-121.85413,37.30344]]],[[[-121.87069,37.28995],[-121.8694,37.29054],[-121.86731,37.28923],[-121.86994,37.29188],[-121.87069,37.28999],[-121.87069,37.28995]]],[[[-121.80915,37.29095],[-121.81504,37.28857],[-121.81841,37.29063],[-121.81928,37.28901],[-121.81846,37.28805],[-121.81309,37.28752],[-121.81501,37.28243],[-121.81402,37.28235],[-121.81194,37.27848],[-121.80708,37.27819],[-121.80057,37.27547],[-121.79978,37.27795],[-121.80332,37.27869],[-121.80492,37.28071],[-121.80847,37.28272],[-121.80928,37.28983],[-121.8081,37.29007],[-121.80906,37.29128],[-121.80915,37.29095]]],[[[-121.84423,37.28418],[-121.84349,37.28577],[-121.84517,37.28753],[-121.84853,37.28794],[-121.84457,37.28516],[-121.84616,37.28277],[-121.8444,37.28096],[-121.84302,37.2822],[-121.84427,37.28402],[-121.84423,37.28418]]],[[[-121.8653,37.28722],[-121.86389,37.2883],[-121.86494,37.28916],[-121.86743,37.28697],[-121.86432,37.28651],[-121.86506,37.28707],[-121.8653,37.28722]]],[[[-121.93764,37.26328],[-121.93761,37.26016],[-121.94039,37.26011],[-121.94034,37.25607],[-121.9311,37.25613],[-121.93115,37.24924],[-121.92688,37.24928],[-121.92687,37.25076],[-121.91778,37.25086],[-121.9178,37.25444],[-121.92348,37.25482],[-121.9235,37.25582],[-121.92227,37.25615],[-121.92233,37.26148],[-121.92736,37.26134],[-121.927,37.26023],[-121.9315,37.25842],[-121.93303,37.26099],[-121.93764,37.26342],[-121.93764,37.26328]]],[[[-121.93929,37.26036],[-121.93929,37.26066],[-121.93942,37.26066],[-121.93956,37.26066],[-121.93929,37.26036]]],[[[-121.86242,37.23916],[-121.86314,37.23733],[-121.87036,37.2371],[-121.8687,37.23478],[-121.86322,37.23439],[-121.86384,37.23309],[-121.86887,37.23215],[-121.86028,37.22845],[-121.85588,37.22909],[-121.85666,37.23519],[-121.85598,37.23688],[-121.86238,37.23911],[-121.86242,37.23916]]],[[[-121.75354,37.22669],[-121.75193,37.22556],[-121.75841,37.21784],[-121.75149,37.21428],[-121.74683,37.21488],[-121.74521,37.21673],[-121.74818,37.22113],[-121.74651,37.22216],[-121.75124,37.22501],[-121.7521,37.22649],[-121.75354,37.22669]]],[[[-121.73884,37.21495],[-121.73778,37.21404],[-121.73698,37.21563],[-121.73986,37.21785],[-121.74243,37.21805],[-121.73897,37.21506],[-121.73884,37.21495]]],[[[-121.81956,37.36627],[-121.81968,37.36639],[-121.81981,37.3663],[-121.81948,37.36599],[-121.81956,37.36627]]],[[[-121.81965,37.36596],[-121.81993,37.36622],[-121.82008,37.36612],[-121.82021,37.36603],[-121.81965,37.36596]]],[[[-121.83291,37.40415],[-121.83397,37.40557],[-121.83615,37.40447],[-121.8363,37.40528],[-121.83812,37.40495],[-121.83866,37.40555],[-121.83565,37.40602],[-121.83619,37.40729],[-121.83494,37.4065],[-121.8346,37.40729],[-121.83822,37.40746],[-121.83938,37.40835],[-121.84017,37.40838],[-121.83943,37.40688],[-121.84173,37.40583],[-121.83929,37.40336],[-121.84013,37.40287],[-121.83863,37.40097],[-121.83323,37.40399],[-121.83291,37.40415]]],[[[-121.84255,37.40997],[-121.84096,37.41022],[-121.84295,37.41332],[-121.84584,37.4126],[-121.84565,37.4116],[-121.8465,37.41122],[-121.8456,37.40981],[-121.84352,37.40995],[-121.84255,37.40997]]],[[[-121.84315,37.41538],[-121.84119,37.41596],[-121.84183,37.41887],[-121.84398,37.41977],[-121.84638,37.41897],[-121.84723,37.42031],[-121.85002,37.42045],[-121.85047,37.42162],[-121.85553,37.41889],[-121.85219,37.41499],[-121.84685,37.41465],[-121.84432,37.41539],[-121.84303,37.41339],[-121.84321,37.41536],[-121.84315,37.41538]]],[[[-121.75233,37.40038],[-121.74922,37.401],[-121.74867,37.3998],[-121.75632,37.39558],[-121.75978,37.39603],[-121.75914,37.39801],[-121.75573,37.39902],[-121.75732,37.40054],[-121.75629,37.4013],[-121.75351,37.4005],[-121.75233,37.40038]]],[[[-121.78232,37.26501],[-121.78239,37.265],[-121.78238,37.26506],[-121.78259,37.2654],[-121.78232,37.26501]]]]}},{"type":"Feature","properties":{"city":"Milpitas","boundaryType":"Official city/town limit","source":"California City Boundaries and Identifiers, CDTFA/California State Geoportal","county":"Santa Clara County","placeType":"City","areaSqMi":13.548473763850769},"geometry":{"type":"Polygon","coordinates":[[[-121.83772,37.42591],[-121.85797,37.42152],[-121.85996,37.42252],[-121.88038,37.41442],[-121.88019,37.41376],[-121.88207,37.41315],[-121.88082,37.41152],[-121.88861,37.40769],[-121.88789,37.40696],[-121.89135,37.40338],[-121.90574,37.40464],[-121.91531,37.39636],[-121.91548,37.39907],[-121.91809,37.40365],[-121.92382,37.40623],[-121.92329,37.41121],[-121.92677,37.41512],[-121.92806,37.41519],[-121.9302,37.41784],[-121.93016,37.41909],[-121.93147,37.41977],[-121.92552,37.4231],[-121.92524,37.42405],[-121.92797,37.42785],[-121.92851,37.43084],[-121.92612,37.4358],[-121.92686,37.43902],[-121.92361,37.44279],[-121.92367,37.4464],[-121.9248,37.44751],[-121.92365,37.44983],[-121.92513,37.45132],[-121.92728,37.45082],[-121.92824,37.45272],[-121.92529,37.45349],[-121.92524,37.45429],[-121.91091,37.46153],[-121.91131,37.46222],[-121.90139,37.46505],[-121.89832,37.4668],[-121.89687,37.46363],[-121.89769,37.46311],[-121.89654,37.46133],[-121.89705,37.45939],[-121.8928,37.45498],[-121.88504,37.45775],[-121.88771,37.46169],[-121.87752,37.4639],[-121.87196,37.45862],[-121.87522,37.45795],[-121.87067,37.45457],[-121.87277,37.45327],[-121.87819,37.45261],[-121.87724,37.44912],[-121.87774,37.44794],[-121.87639,37.44702],[-121.87668,37.44496],[-121.87615,37.44409],[-121.87431,37.44442],[-121.87398,37.44308],[-121.87536,37.4427],[-121.8728,37.43829],[-121.86783,37.43949],[-121.86234,37.44441],[-121.86305,37.44709],[-121.86183,37.44737],[-121.86378,37.44979],[-121.86615,37.44949],[-121.86671,37.45074],[-121.86366,37.45169],[-121.86681,37.45424],[-121.86655,37.45778],[-121.86325,37.45774],[-121.85661,37.45624],[-121.85382,37.45685],[-121.85163,37.45241],[-121.84974,37.45235],[-121.84814,37.45039],[-121.84668,37.45071],[-121.84398,37.44695],[-121.85091,37.44297],[-121.84546,37.442],[-121.8441,37.44125],[-121.84451,37.4397],[-121.84345,37.43834],[-121.84135,37.43956],[-121.83956,37.43757],[-121.84007,37.43545],[-121.84368,37.43381],[-121.84012,37.42901],[-121.86183,37.4239],[-121.86162,37.42333],[-121.8601,37.42394],[-121.85772,37.42277],[-121.83853,37.42693],[-121.83772,37.42591]],[[-121.8468,37.43801],[-121.84892,37.44088],[-121.85168,37.4402],[-121.857,37.44097],[-121.86221,37.44433],[-121.86846,37.43905],[-121.86659,37.43946],[-121.86546,37.43637],[-121.86841,37.43649],[-121.86794,37.43512],[-121.86439,37.43325],[-121.86499,37.43424],[-121.85885,37.43551],[-121.8468,37.43801]],[[-121.866,37.43424],[-121.86715,37.43465],[-121.86691,37.43397],[-121.8668,37.434],[-121.866,37.43424]]]}},{"type":"Feature","properties":{"city":"Fremont","boundaryType":"Official city/town limit","source":"California City Boundaries and Identifiers, CDTFA/California State Geoportal","county":"Alameda County","placeType":"City","areaSqMi":79.33729022320826},"geometry":{"type":"Polygon","coordinates":[[[-121.95761,37.58946],[-121.95102,37.5976],[-121.94429,37.59707],[-121.93786,37.59821],[-121.93688,37.59234],[-121.93459,37.59156],[-121.93232,37.59252],[-121.93238,37.59062],[-121.93026,37.5862],[-121.92811,37.58594],[-121.92837,37.58436],[-121.92562,37.58234],[-121.92716,37.58124],[-121.92603,37.57977],[-121.92943,37.57876],[-121.93132,37.57629],[-121.93331,37.57714],[-121.93324,37.57589],[-121.93242,37.57504],[-121.93298,37.57419],[-121.93156,37.57273],[-121.92763,37.57148],[-121.92572,37.56813],[-121.92348,37.56835],[-121.92016,37.56596],[-121.91933,37.56043],[-121.9237,37.56043],[-121.92372,37.55772],[-121.91851,37.55983],[-121.91883,37.56097],[-121.91451,37.56077],[-121.9146,37.55614],[-121.90958,37.55501],[-121.90728,37.54889],[-121.90445,37.54982],[-121.89933,37.54655],[-121.89362,37.55021],[-121.8907,37.54794],[-121.88745,37.54343],[-121.88729,37.53897],[-121.88312,37.53612],[-121.87812,37.53022],[-121.87906,37.52885],[-121.88111,37.51337],[-121.88077,37.50791],[-121.87655,37.50024],[-121.87328,37.49109],[-121.8745,37.48905],[-121.87014,37.48078],[-121.87568,37.47542],[-121.8775,37.47536],[-121.88003,37.47173],[-121.88238,37.4707],[-121.88544,37.4715],[-121.88792,37.47095],[-121.89104,37.46797],[-121.89648,37.46744],[-121.90139,37.46505],[-121.91113,37.46229],[-121.91091,37.46153],[-121.92527,37.45427],[-121.92789,37.45517],[-121.92943,37.45689],[-121.93326,37.45514],[-121.93233,37.46015],[-121.93512,37.46055],[-121.93572,37.46205],[-121.93909,37.46237],[-121.941,37.46488],[-121.9439,37.46542],[-121.9442,37.46846],[-121.94538,37.46915],[-121.94711,37.46739],[-121.94682,37.46291],[-121.95009,37.46127],[-121.96124,37.46358],[-121.97202,37.46088],[-121.97918,37.46058],[-121.99179,37.46364],[-121.9976,37.46688],[-122.01468,37.46479],[-122.02725,37.46531],[-122.03804,37.46404],[-122.04078,37.46291],[-122.04424,37.46394],[-122.05015,37.46667],[-122.05144,37.46944],[-122.05097,37.47064],[-122.05321,37.47323],[-122.05157,37.47597],[-122.05175,37.47819],[-122.05347,37.48242],[-122.0542,37.48755],[-122.05352,37.48776],[-122.05516,37.49019],[-122.05197,37.49141],[-122.05188,37.49277],[-122.05589,37.49568],[-122.06035,37.49763],[-122.07271,37.49968],[-122.08051,37.50244],[-122.08278,37.50182],[-122.08344,37.50329],[-122.08714,37.50339],[-122.09659,37.49971],[-122.10259,37.4988],[-122.1053,37.49898],[-122.10697,37.50035],[-122.10669,37.50114],[-122.10865,37.5024],[-122.11044,37.50569],[-122.11057,37.50926],[-122.11151,37.51039],[-122.11021,37.51186],[-122.10985,37.51656],[-122.11225,37.53264],[-122.114,37.53399],[-122.11639,37.53933],[-122.1155,37.54007],[-122.11725,37.54113],[-122.11825,37.54332],[-122.11732,37.54385],[-122.1179,37.54621],[-122.11983,37.5467],[-122.12172,37.54999],[-122.12307,37.55016],[-122.12384,37.55157],[-122.12311,37.55193],[-122.12541,37.55357],[-122.12488,37.55481],[-122.12695,37.55665],[-122.12672,37.55824],[-122.12951,37.56038],[-122.1288,37.56099],[-122.13014,37.56269],[-122.12986,37.56369],[-122.13252,37.56345],[-122.12865,37.5697],[-122.12323,37.57063],[-122.11763,37.56995],[-122.11337,37.56769],[-122.11048,37.56764],[-122.1099,37.56505],[-122.11087,37.56134],[-122.10988,37.56063],[-122.10682,37.56192],[-122.10491,37.56406],[-122.10174,37.56228],[-122.10015,37.56481],[-122.09446,37.56161],[-122.0921,37.56251],[-122.0801,37.5614],[-122.07048,37.5633],[-122.06022,37.57415],[-122.06275,37.58483],[-122.06201,37.58571],[-122.06414,37.58688],[-122.06046,37.59179],[-122.05631,37.59272],[-122.05002,37.58379],[-122.04608,37.58698],[-122.03811,37.58781],[-122.03267,37.58561],[-122.02373,37.57696],[-122.01703,37.57445],[-122.01362,37.58026],[-122.01212,37.58069],[-122.00828,37.57931],[-122.00587,37.58629],[-121.97836,37.60668],[-121.95762,37.58946],[-121.95761,37.58946]],[[-122.04065,37.56172],[-122.04543,37.55647],[-122.06782,37.54045],[-122.0648,37.53427],[-122.06809,37.52417],[-122.06134,37.52326],[-122.06047,37.52157],[-122.07093,37.51903],[-122.06998,37.5175],[-122.06745,37.51838],[-122.06452,37.51302],[-122.06083,37.51483],[-122.05576,37.51426],[-122.05535,37.51026],[-122.05405,37.50851],[-122.05745,37.49911],[-122.03533,37.49238],[-122.03219,37.48935],[-122.03035,37.48952],[-122.02921,37.48819],[-122.03016,37.48746],[-122.03028,37.48269],[-122.02765,37.47884],[-122.02569,37.47764],[-122.02458,37.47904],[-122.02401,37.48278],[-122.02151,37.48403],[-122.01747,37.48358],[-122.01326,37.48111],[-122.01098,37.48663],[-122.00934,37.48822],[-122.01085,37.492],[-122.01008,37.49345],[-122.00468,37.49449],[-121.99954,37.49331],[-121.99627,37.4983],[-121.99203,37.49807],[-121.9982,37.50384],[-121.99479,37.51392],[-121.9881,37.52236],[-122.01536,37.53688],[-122.02935,37.55461],[-122.0391,37.56358],[-122.04005,37.56244],[-122.04065,37.56172]]]}},{"type":"Feature","properties":{"city":"Hayward","boundaryType":"Official city/town limit","source":"California City Boundaries and Identifiers, CDTFA/California State Geoportal","county":"Alameda County","placeType":"City","areaSqMi":45.16059951098146},"geometry":{"type":"MultiPolygon","coordinates":[[[[-122.08992,37.68993],[-122.08851,37.68962],[-122.08812,37.68856],[-122.08644,37.68912],[-122.08641,37.68773],[-122.08949,37.68549],[-122.09132,37.68565],[-122.08377,37.68149],[-122.08077,37.68212],[-122.07635,37.67867],[-122.07488,37.67948],[-122.07428,37.68189],[-122.07346,37.68198],[-122.07269,37.68053],[-122.0701,37.68139],[-122.07113,37.68311],[-122.0706,37.68387],[-122.06902,37.68358],[-122.06826,37.68476],[-122.06707,37.68382],[-122.06513,37.68556],[-122.06436,37.68416],[-122.0626,37.68392],[-122.06202,37.68597],[-122.05691,37.68687],[-122.05675,37.68535],[-122.05862,37.68519],[-122.05805,37.68312],[-122.05934,37.6817],[-122.06199,37.68196],[-122.06516,37.68027],[-122.06436,37.67937],[-122.06552,37.67733],[-122.06466,37.67577],[-122.06694,37.67604],[-122.06638,37.675],[-122.073,37.67297],[-122.06492,37.67167],[-122.06592,37.66865],[-122.0602,37.66739],[-122.05931,37.66635],[-122.05537,37.66771],[-122.05429,37.66643],[-122.05292,37.66694],[-122.04956,37.66531],[-122.04087,37.66538],[-122.04101,37.66444],[-122.02814,37.66746],[-122.02721,37.66324],[-122.02777,37.66225],[-122.03117,37.66142],[-122.03073,37.66071],[-122.03238,37.66073],[-122.03267,37.65946],[-122.03663,37.65868],[-122.03019,37.65632],[-122.02753,37.65576],[-122.02383,37.66211],[-122.01781,37.66185],[-122.00977,37.66642],[-122.00534,37.6737],[-122.00716,37.67532],[-122.00357,37.67572],[-122.00373,37.68053],[-121.97191,37.68031],[-121.97193,37.67625],[-121.95065,37.67642],[-121.94982,37.66901],[-121.94067,37.66906],[-121.94062,37.66566],[-121.92294,37.6647],[-121.92293,37.65741],[-121.92397,37.65741],[-121.92161,37.65282],[-121.92058,37.65282],[-121.9204,37.65026],[-121.93103,37.65026],[-121.93416,37.65181],[-121.93552,37.65099],[-121.94983,37.65086],[-121.94973,37.66561],[-121.96866,37.66571],[-121.96876,37.66986],[-121.97651,37.67057],[-121.98207,37.66869],[-121.98595,37.66552],[-121.98819,37.6655],[-121.98778,37.6695],[-121.99894,37.66933],[-121.99896,37.66788],[-121.9966,37.66693],[-121.99606,37.66538],[-121.99605,37.64982],[-121.98663,37.64986],[-121.98703,37.62125],[-121.99541,37.62112],[-122.00457,37.62659],[-122.00458,37.62801],[-122.0006,37.62801],[-122.0006,37.6317],[-121.99656,37.63171],[-121.99656,37.63507],[-122.01364,37.63559],[-122.01369,37.63931],[-122.00914,37.64105],[-122.00917,37.64277],[-122.01865,37.64262],[-122.0185,37.63553],[-122.0196,37.63551],[-122.04262,37.64897],[-122.04341,37.64717],[-122.04861,37.64647],[-122.05098,37.64747],[-122.05177,37.64587],[-122.04966,37.64467],[-122.04375,37.64446],[-122.04449,37.64289],[-122.04352,37.64293],[-122.04077,37.6398],[-122.04146,37.63806],[-122.03829,37.63689],[-122.03632,37.63318],[-122.03252,37.63303],[-122.03155,37.62857],[-122.0326,37.62747],[-122.03077,37.62654],[-122.03165,37.62471],[-122.03362,37.62424],[-122.02383,37.61546],[-122.02841,37.6133],[-122.02352,37.60912],[-122.03429,37.60906],[-122.03088,37.60607],[-122.03514,37.60603],[-122.04328,37.61225],[-122.04382,37.60613],[-122.05901,37.60619],[-122.05952,37.604],[-122.06888,37.60582],[-122.06625,37.61319],[-122.07808,37.61374],[-122.08164,37.61118],[-122.08605,37.60947],[-122.08877,37.60947],[-122.08719,37.60784],[-122.0913,37.60001],[-122.09167,37.58505],[-122.09677,37.58298],[-122.09459,37.57943],[-122.09159,37.57969],[-122.09002,37.57849],[-122.08682,37.57839],[-122.08593,37.57415],[-122.08315,37.5753],[-122.0828,37.57458],[-122.08565,37.57328],[-122.08377,37.5696],[-122.08449,37.56775],[-122.09013,37.56442],[-122.09122,37.56695],[-122.09472,37.5665],[-122.0949,37.56475],[-122.09228,37.56311],[-122.09334,37.56185],[-122.09446,37.56161],[-122.10015,37.56481],[-122.10174,37.56228],[-122.10491,37.56406],[-122.10682,37.56192],[-122.10988,37.56063],[-122.11087,37.56134],[-122.1099,37.56505],[-122.11065,37.56776],[-122.11337,37.56769],[-122.11844,37.57012],[-122.12474,37.57062],[-122.12865,37.5697],[-122.13248,37.56431],[-122.13456,37.5693],[-122.14254,37.58058],[-122.14234,37.58165],[-122.14599,37.58431],[-122.14588,37.58935],[-122.1474,37.59389],[-122.14622,37.59364],[-122.14572,37.59503],[-122.14518,37.5977],[-122.14601,37.5995],[-122.14494,37.60422],[-122.1461,37.60495],[-122.14558,37.60663],[-122.14753,37.61015],[-122.14844,37.61449],[-122.1511,37.61722],[-122.15594,37.61691],[-122.15072,37.61882],[-122.15146,37.62593],[-122.1495,37.62663],[-122.151,37.62757],[-122.15016,37.62836],[-122.15135,37.62884],[-122.15086,37.62983],[-122.15284,37.62937],[-122.15287,37.636],[-122.15029,37.63653],[-122.14934,37.63839],[-122.15327,37.63849],[-122.15323,37.6424],[-122.15442,37.64517],[-122.15604,37.64466],[-122.15481,37.64669],[-122.15499,37.64917],[-122.15776,37.65931],[-122.15962,37.66062],[-122.16041,37.66384],[-122.14816,37.66398],[-122.14472,37.66124],[-122.14172,37.66129],[-122.14361,37.66332],[-122.13437,37.66279],[-122.13447,37.66457],[-122.12769,37.66518],[-122.12792,37.66786],[-122.12308,37.66814],[-122.12344,37.66872],[-122.12087,37.66972],[-122.1184,37.66584],[-122.11267,37.66614],[-122.11263,37.66704],[-122.11209,37.66617],[-122.10925,37.66632],[-122.10979,37.66719],[-122.10911,37.66803],[-122.10852,37.66639],[-122.10366,37.66664],[-122.10912,37.67142],[-122.10737,37.67267],[-122.10043,37.66681],[-122.09591,37.66865],[-122.0954,37.67201],[-122.09824,37.67085],[-122.09975,37.67319],[-122.09497,37.67514],[-122.09777,37.67708],[-122.09739,37.67844],[-122.0938,37.67468],[-122.0931,37.67669],[-122.09451,37.67822],[-122.09355,37.67916],[-122.09225,37.67877],[-122.09211,37.68124],[-122.09016,37.68289],[-122.0917,37.68288],[-122.09123,37.6837],[-122.09309,37.68558],[-122.09173,37.68668],[-122.09307,37.68858],[-122.09218,37.68981],[-122.08992,37.68994],[-122.08992,37.68993]]],[[[-122.01575,37.60155],[-122.01576,37.60154],[-122.01612,37.60186],[-122.01612,37.60187],[-122.01575,37.60155]]]]}},{"type":"Feature","properties":{"city":"Oakland","boundaryType":"Official city/town limit","source":"California City Boundaries and Identifiers, CDTFA/California State Geoportal","county":"Alameda County","placeType":"City","areaSqMi":56.87328514049068},"geometry":{"type":"Polygon","coordinates":[[[-122.24591,37.88461],[-122.24256,37.8822],[-122.23936,37.88354],[-122.22903,37.88103],[-122.22364,37.87844],[-122.21764,37.87225],[-122.21631,37.86914],[-122.22133,37.8656],[-122.21342,37.85834],[-122.20884,37.85193],[-122.20311,37.8512],[-122.20075,37.84746],[-122.19512,37.84361],[-122.1955,37.84167],[-122.18922,37.83807],[-122.1852,37.83733],[-122.18385,37.83429],[-122.18672,37.82984],[-122.18709,37.82748],[-122.18574,37.82537],[-122.18692,37.82208],[-122.18559,37.82072],[-122.18106,37.81934],[-122.17729,37.81639],[-122.17547,37.81459],[-122.17416,37.81027],[-122.17587,37.80749],[-122.17917,37.80497],[-122.1782,37.80392],[-122.17697,37.80472],[-122.17533,37.80353],[-122.17597,37.8027],[-122.1684,37.79913],[-122.16842,37.80095],[-122.17053,37.80269],[-122.17054,37.80466],[-122.16766,37.80579],[-122.16525,37.80527],[-122.16416,37.80293],[-122.16165,37.80145],[-122.16234,37.80003],[-122.15971,37.80006],[-122.15843,37.79803],[-122.15948,37.79741],[-122.15226,37.79648],[-122.1523,37.79309],[-122.14671,37.79304],[-122.14365,37.7901],[-122.14181,37.78976],[-122.14371,37.78739],[-122.13319,37.77768],[-122.13376,37.77732],[-122.12416,37.76201],[-122.11576,37.75033],[-122.11481,37.73612],[-122.1162,37.73413],[-122.12122,37.73182],[-122.12218,37.72939],[-122.12448,37.72859],[-122.12547,37.72976],[-122.13124,37.73043],[-122.13236,37.73173],[-122.13113,37.73227],[-122.13143,37.7333],[-122.13445,37.7343],[-122.13851,37.73091],[-122.13933,37.73459],[-122.14018,37.73444],[-122.14114,37.73686],[-122.14654,37.74244],[-122.14764,37.74116],[-122.16425,37.7359],[-122.16564,37.73778],[-122.17157,37.735],[-122.16976,37.73223],[-122.17387,37.73124],[-122.175,37.73182],[-122.17033,37.72774],[-122.17435,37.72666],[-122.17546,37.72531],[-122.18362,37.72562],[-122.19032,37.72898],[-122.19194,37.72729],[-122.19788,37.72631],[-122.19608,37.72302],[-122.18933,37.71791],[-122.19294,37.7168],[-122.19341,37.71783],[-122.19473,37.71754],[-122.19428,37.71592],[-122.19704,37.71592],[-122.20243,37.71259],[-122.20987,37.71122],[-122.21197,37.70917],[-122.2112,37.70185],[-122.21392,37.69931],[-122.21667,37.69973],[-122.25131,37.72484],[-122.24759,37.72807],[-122.23621,37.71987],[-122.22836,37.72773],[-122.22679,37.72749],[-122.22659,37.74588],[-122.22383,37.74562],[-122.22344,37.74664],[-122.22358,37.7456],[-122.22069,37.74541],[-122.21503,37.74087],[-122.21055,37.73162],[-122.20845,37.73052],[-122.20776,37.73145],[-122.2113,37.7378],[-122.21089,37.74023],[-122.21446,37.74274],[-122.21737,37.74788],[-122.20998,37.74279],[-122.20821,37.74243],[-122.20745,37.74344],[-122.21236,37.74925],[-122.21085,37.75112],[-122.2113,37.75271],[-122.21222,37.75187],[-122.21443,37.75514],[-122.2168,37.7562],[-122.21584,37.75713],[-122.21709,37.75775],[-122.21763,37.76054],[-122.22187,37.75855],[-122.22391,37.75954],[-122.22428,37.76287],[-122.22656,37.7667],[-122.24119,37.77426],[-122.24355,37.77628],[-122.24577,37.78394],[-122.25135,37.78689],[-122.26007,37.78449],[-122.27967,37.79342],[-122.28606,37.79363],[-122.30104,37.79195],[-122.3285,37.79749],[-122.33048,37.79818],[-122.33014,37.80034],[-122.32523,37.80003],[-122.32447,37.80179],[-122.32537,37.80514],[-122.32649,37.80535],[-122.32491,37.80671],[-122.3268,37.80718],[-122.3299,37.80711],[-122.33306,37.80502],[-122.34129,37.80365],[-122.34261,37.80579],[-122.33306,37.81103],[-122.32291,37.81013],[-122.31329,37.81925],[-122.30863,37.8188],[-122.30828,37.82108],[-122.31237,37.82219],[-122.31566,37.82168],[-122.31885,37.81874],[-122.32138,37.82098],[-122.33062,37.82039],[-122.32957,37.82189],[-122.32183,37.82299],[-122.32112,37.82409],[-122.31782,37.82466],[-122.31602,37.82783],[-122.30929,37.82627],[-122.30311,37.82623],[-122.29934,37.82745],[-122.29797,37.82852],[-122.29814,37.82981],[-122.2965,37.82995],[-122.29617,37.83099],[-122.27788,37.82705],[-122.27848,37.82887],[-122.27562,37.83643],[-122.27885,37.83719],[-122.28451,37.83672],[-122.28875,37.84999],[-122.28359,37.85065],[-122.28191,37.84698],[-122.2762,37.84774],[-122.2758,37.84587],[-122.26914,37.84674],[-122.26951,37.84858],[-122.2684,37.84876],[-122.26897,37.85164],[-122.25328,37.85369],[-122.25293,37.85078],[-122.2342,37.85237],[-122.23477,37.8578],[-122.24189,37.85736],[-122.24436,37.85909],[-122.24691,37.88533],[-122.24591,37.88461]],[[-122.23252,37.83211],[-122.24322,37.83016],[-122.24443,37.82829],[-122.24771,37.82624],[-122.2494,37.82285],[-122.24481,37.81903],[-122.21575,37.8124],[-122.21383,37.81326],[-122.21284,37.81641],[-122.21029,37.81868],[-122.22072,37.82537],[-122.22492,37.83087],[-122.22816,37.83353],[-122.23263,37.83219],[-122.23252,37.83211]]]}},{"type":"Feature","properties":{"city":"Berkeley","boundaryType":"Official city/town limit","source":"California City Boundaries and Identifiers, CDTFA/California State Geoportal","county":"Alameda County","placeType":"City","areaSqMi":10.590689194076536},"geometry":{"type":"Polygon","coordinates":[[[-122.24691,37.88533],[-122.24436,37.85909],[-122.24189,37.85736],[-122.23477,37.8578],[-122.2342,37.85237],[-122.25293,37.85078],[-122.25328,37.85369],[-122.26897,37.85164],[-122.2684,37.84876],[-122.26951,37.84858],[-122.26914,37.84674],[-122.2758,37.84587],[-122.2762,37.84774],[-122.28191,37.84698],[-122.28359,37.85065],[-122.301,37.84748],[-122.3003,37.85246],[-122.30358,37.86254],[-122.30616,37.86284],[-122.30521,37.86023],[-122.30583,37.85951],[-122.30738,37.86466],[-122.30656,37.86578],[-122.31107,37.86472],[-122.31127,37.86341],[-122.31547,37.8623],[-122.31556,37.85916],[-122.31627,37.85901],[-122.31867,37.86778],[-122.32481,37.87443],[-122.31853,37.87586],[-122.31327,37.86949],[-122.3084,37.87033],[-122.30711,37.87064],[-122.31049,37.87761],[-122.30982,37.8778],[-122.3125,37.8814],[-122.29661,37.88347],[-122.29446,37.88258],[-122.29162,37.88327],[-122.28297,37.88242],[-122.28167,37.88849],[-122.28259,37.89129],[-122.28706,37.89105],[-122.28671,37.89852],[-122.28366,37.9],[-122.27879,37.90074],[-122.2773,37.90173],[-122.278,37.90312],[-122.27078,37.90584],[-122.27134,37.90494],[-122.27037,37.90441],[-122.2663,37.90457],[-122.26377,37.90368],[-122.2612,37.90133],[-122.26086,37.89979],[-122.25666,37.89973],[-122.25582,37.89611],[-122.25357,37.89625],[-122.25261,37.89517],[-122.25294,37.89385],[-122.25118,37.89397],[-122.24968,37.8929],[-122.24902,37.89075],[-122.25029,37.88983],[-122.24924,37.88701],[-122.24691,37.88533]]]}},{"type":"Feature","properties":{"city":"Walnut Creek","boundaryType":"Official city/town limit","source":"California City Boundaries and Identifiers, CDTFA/California State Geoportal","county":"Contra Costa County","placeType":"City","areaSqMi":19.78343740921574},"geometry":{"type":"Polygon","coordinates":[[[-121.98062,37.92387],[-121.98063,37.92236],[-121.98515,37.91891],[-121.98485,37.91753],[-121.98242,37.91561],[-121.98398,37.91378],[-121.99116,37.91238],[-121.99293,37.91361],[-121.9976,37.91277],[-122.00208,37.91316],[-122.00216,37.90775],[-122.00695,37.90785],[-122.00675,37.90556],[-122.00461,37.90296],[-122.00682,37.90336],[-122.00723,37.90197],[-122.00383,37.90134],[-122.00545,37.89941],[-122.00354,37.89968],[-122.00367,37.89897],[-122.00192,37.89982],[-122.00253,37.89477],[-122.00342,37.89442],[-121.99982,37.88434],[-122.0149,37.88054],[-122.0103,37.87187],[-122.02005,37.87353],[-122.02018,37.86631],[-122.02326,37.86641],[-122.02319,37.87196],[-122.02606,37.87341],[-122.02616,37.86648],[-122.02692,37.86717],[-122.02694,37.86629],[-122.02862,37.86586],[-122.02895,37.8679],[-122.03547,37.86784],[-122.03704,37.86571],[-122.0388,37.86873],[-122.04066,37.86982],[-122.04148,37.86934],[-122.044,37.87175],[-122.04478,37.87414],[-122.04694,37.87592],[-122.04797,37.87547],[-122.0516,37.88167],[-122.05543,37.88038],[-122.05626,37.88161],[-122.06647,37.88014],[-122.06672,37.87399],[-122.05897,37.87159],[-122.05882,37.86491],[-122.05419,37.8643],[-122.05323,37.86335],[-122.05237,37.84247],[-122.06158,37.84299],[-122.06167,37.84587],[-122.07829,37.85579],[-122.07806,37.85723],[-122.08309,37.86826],[-122.08958,37.87538],[-122.08961,37.88147],[-122.07629,37.88064],[-122.07703,37.88291],[-122.07623,37.8833],[-122.07474,37.88148],[-122.0681,37.88145],[-122.06597,37.88354],[-122.06213,37.88486],[-122.06325,37.88616],[-122.06342,37.88862],[-122.06496,37.88852],[-122.06501,37.88974],[-122.06119,37.89037],[-122.06698,37.89297],[-122.06829,37.89231],[-122.07002,37.89462],[-122.07079,37.89367],[-122.07353,37.89382],[-122.07306,37.89506],[-122.08085,37.89689],[-122.08081,37.89834],[-122.07554,37.8976],[-122.07369,37.89863],[-122.07342,37.90019],[-122.07491,37.89999],[-122.07568,37.9006],[-122.07497,37.90127],[-122.07631,37.90083],[-122.08169,37.90319],[-122.08376,37.90315],[-122.08397,37.90418],[-122.08209,37.90493],[-122.08068,37.90475],[-122.0807,37.90321],[-122.07279,37.90329],[-122.07315,37.90446],[-122.07146,37.90419],[-122.07323,37.90705],[-122.06998,37.90877],[-122.06999,37.90976],[-122.07474,37.90926],[-122.07627,37.91155],[-122.07978,37.91041],[-122.09908,37.91016],[-122.0985,37.91307],[-122.10016,37.91741],[-122.09179,37.91731],[-122.09256,37.92034],[-122.09472,37.91933],[-122.09651,37.92058],[-122.09593,37.92171],[-122.09327,37.9225],[-122.09247,37.92083],[-122.09091,37.92087],[-122.08953,37.9215],[-122.08949,37.92482],[-122.08583,37.92616],[-122.07353,37.92634],[-122.07352,37.93335],[-122.06765,37.93327],[-122.06144,37.93262],[-122.0616,37.93174],[-122.06021,37.9317],[-122.06058,37.92642],[-122.05974,37.92448],[-122.0608,37.92184],[-122.05838,37.92191],[-122.05791,37.92465],[-122.05523,37.92465],[-122.05591,37.92079],[-122.05849,37.92079],[-122.05916,37.91705],[-122.05493,37.91709],[-122.05364,37.91833],[-122.05335,37.91761],[-122.05094,37.91784],[-122.04661,37.92094],[-122.0487,37.92315],[-122.04996,37.92327],[-122.0477,37.92802],[-122.04735,37.93284],[-122.04763,37.93343],[-122.05394,37.93006],[-122.0528,37.93671],[-122.04915,37.93672],[-122.04657,37.93397],[-122.03599,37.93943],[-122.03321,37.93642],[-122.03491,37.93555],[-122.03371,37.93422],[-122.03515,37.93349],[-122.0338,37.932],[-122.02903,37.93445],[-122.02638,37.93156],[-122.01918,37.93566],[-122.01747,37.93574],[-122.00199,37.94634],[-121.98533,37.93435],[-121.98612,37.93321],[-121.98369,37.92978],[-121.98514,37.92776],[-121.98287,37.92476],[-121.98062,37.92387]],[[-122.02582,37.91123],[-122.02741,37.9107],[-122.02761,37.90869],[-122.03258,37.91121],[-122.03358,37.9103],[-122.0345,37.9108],[-122.0363,37.909],[-122.03771,37.90995],[-122.0389,37.90814],[-122.03755,37.90727],[-122.03869,37.90562],[-122.05124,37.90841],[-122.04645,37.90566],[-122.04431,37.90657],[-122.0415,37.9046],[-122.03879,37.90522],[-122.03675,37.90315],[-122.03843,37.90266],[-122.03886,37.90096],[-122.03412,37.89857],[-122.03311,37.89904],[-122.03347,37.90426],[-122.02665,37.90249],[-122.02582,37.91122],[-122.02582,37.91123]],[[-122.04208,37.89839],[-122.0468,37.89749],[-122.04725,37.89528],[-122.04305,37.89365],[-122.04313,37.89509],[-122.04214,37.89451],[-122.03946,37.89573],[-122.04205,37.8984],[-122.04208,37.89839]],[[-122.0356,37.89482],[-122.03662,37.8933],[-122.0406,37.89182],[-122.03929,37.89089],[-122.03977,37.89038],[-122.03524,37.8882],[-122.03715,37.88652],[-122.03834,37.88709],[-122.03774,37.88788],[-122.04189,37.88987],[-122.04105,37.89039],[-122.04205,37.89191],[-122.04284,37.89121],[-122.04932,37.89128],[-122.05194,37.88852],[-122.04989,37.88733],[-122.0512,37.88685],[-122.04902,37.88331],[-122.04664,37.88355],[-122.04597,37.88084],[-122.03154,37.87947],[-122.03153,37.88157],[-122.01932,37.88601],[-122.02292,37.88588],[-122.02453,37.88825],[-122.02421,37.88923],[-122.02561,37.88984],[-122.02488,37.89089],[-122.03515,37.89544],[-122.03553,37.89492],[-122.0356,37.89482]]]}},{"type":"Feature","properties":{"city":"Half Moon Bay","boundaryType":"Official city/town limit","source":"California City Boundaries and Identifiers, CDTFA/California State Geoportal","county":"San Mateo County","placeType":"City","areaSqMi":6.245749624635962},"geometry":{"type":"Polygon","coordinates":[[[-122.43709,37.51705],[-122.43943,37.5075],[-122.43602,37.50789],[-122.43555,37.50688],[-122.43729,37.50228],[-122.43549,37.49833],[-122.43666,37.49499],[-122.43499,37.49287],[-122.43652,37.49114],[-122.4371,37.48846],[-122.43255,37.48561],[-122.43517,37.48203],[-122.43464,37.48106],[-122.43071,37.48442],[-122.43093,37.48334],[-122.4255,37.47853],[-122.4218,37.472],[-122.41947,37.47504],[-122.41749,37.4742],[-122.41941,37.47381],[-122.41947,37.47216],[-122.42084,37.4713],[-122.41984,37.47053],[-122.4218,37.46955],[-122.41663,37.46723],[-122.421,37.46428],[-122.42107,37.46125],[-122.42481,37.46111],[-122.42672,37.46245],[-122.42762,37.46161],[-122.42636,37.45915],[-122.42443,37.45877],[-122.42604,37.45826],[-122.42569,37.45539],[-122.42908,37.45499],[-122.42729,37.43982],[-122.42561,37.43928],[-122.42695,37.43914],[-122.42611,37.43259],[-122.42538,37.43175],[-122.42108,37.43251],[-122.42083,37.43136],[-122.42689,37.42765],[-122.42654,37.42491],[-122.43785,37.42518],[-122.43978,37.42768],[-122.44055,37.43139],[-122.44311,37.43308],[-122.44295,37.4348],[-122.44463,37.43827],[-122.44537,37.45887],[-122.4483,37.47288],[-122.45622,37.48912],[-122.46555,37.49738],[-122.47224,37.50071],[-122.47388,37.49995],[-122.47645,37.50187],[-122.4759,37.50319],[-122.4673,37.49984],[-122.46719,37.4987],[-122.45944,37.49314],[-122.44841,37.49619],[-122.44233,37.52075],[-122.44004,37.51909],[-122.43709,37.51705]]]}},{"type":"Feature","properties":{"city":"Skyline District","boundaryType":"Approximate point / unincorporated area","source":"Approximate point marker for map display","county":"San Mateo / Santa Clara / Santa Cruz Counties","placeType":"Unincorporated area","note":"Approximate point marker for the Skyline/Santa Cruz Mountains area"},"geometry":{"type":"Point","coordinates":[-122.345,37.315]}},{"type":"Feature","properties":{"city":"La Honda","boundaryType":"Approximate point / unincorporated area","source":"Approximate point marker for map display","county":"San Mateo County","placeType":"Unincorporated area","note":"Approximate point marker for the La Honda area"},"geometry":{"type":"Point","coordinates":[-122.274,37.319]}},{"type":"Feature","properties":{"city":"Boulder Creek","boundaryType":"Approximate point / unincorporated area","source":"Approximate point marker for map display","county":"Santa Cruz County","placeType":"Unincorporated area","note":"Approximate point marker for the Boulder Creek area"},"geometry":{"type":"Point","coordinates":[-122.122,37.127]}},{"type":"Feature","properties":{"city":"Ben Lomond","boundaryType":"Approximate point / unincorporated area","source":"Approximate point marker for map display","county":"Santa Cruz County","placeType":"Unincorporated area","note":"Approximate point marker for the Ben Lomond area"},"geometry":{"type":"Point","coordinates":[-122.087,37.089]}},{"type":"Feature","properties":{"city":"Felton","boundaryType":"Approximate point / unincorporated area","source":"Approximate point marker for map display","county":"Santa Cruz County","placeType":"Unincorporated area","note":"Approximate point marker for the Felton area"},"geometry":{"type":"Point","coordinates":[-122.074,37.052]}},{"type":"Feature","properties":{"city":"Scotts Valley","boundaryType":"Official city/town limit","source":"California City Boundaries and Identifiers, CDTFA/California State Geoportal","county":"Santa Cruz County","placeType":"City","areaSqMi":4.643415129446865},"geometry":{"type":"Polygon","coordinates":[[[-122.00431,37.08062],[-122.00334,37.07909],[-122.00089,37.07944],[-122.00021,37.0773],[-121.99941,37.07718],[-121.99522,37.07882],[-121.99056,37.07761],[-121.99044,37.07675],[-121.98768,37.07856],[-121.98836,37.07987],[-121.98582,37.07992],[-121.98424,37.07771],[-121.9839,37.07655],[-121.9878,37.07516],[-121.98523,37.07413],[-121.98548,37.07179],[-121.98758,37.06896],[-121.98581,37.06862],[-121.9891,37.065],[-121.98742,37.06499],[-121.98762,37.0611],[-121.99263,37.06099],[-121.99324,37.06029],[-121.99249,37.05998],[-121.99516,37.05831],[-121.99532,37.05725],[-121.9923,37.0578],[-121.99212,37.05607],[-121.99143,37.05607],[-121.99208,37.05138],[-121.99373,37.05137],[-121.9937,37.05014],[-121.99808,37.05018],[-121.99782,37.05201],[-121.99858,37.05127],[-122.00048,37.05249],[-122.00227,37.05071],[-122.00316,37.05109],[-122.00478,37.04765],[-122.01177,37.04847],[-122.01431,37.04467],[-122.00868,37.04265],[-122.0115,37.03983],[-122.01249,37.03612],[-122.01949,37.0355],[-122.01949,37.03399],[-122.02081,37.03395],[-122.0209,37.03317],[-122.02292,37.0338],[-122.0231,37.03264],[-122.02545,37.03286],[-122.03278,37.02919],[-122.03508,37.03115],[-122.03248,37.03366],[-122.02322,37.03713],[-122.02378,37.03883],[-122.02599,37.03959],[-122.02877,37.03845],[-122.0304,37.03939],[-122.03347,37.03619],[-122.03644,37.03749],[-122.03981,37.03568],[-122.04088,37.0366],[-122.04167,37.03806],[-122.03787,37.04148],[-122.03685,37.04397],[-122.03841,37.04421],[-122.03945,37.04191],[-122.04017,37.04249],[-122.03654,37.04959],[-122.03779,37.05064],[-122.03692,37.05095],[-122.03713,37.05331],[-122.03425,37.05459],[-122.03078,37.0547],[-122.03076,37.05381],[-122.02924,37.05382],[-122.02873,37.05596],[-122.02705,37.05585],[-122.02736,37.0574],[-122.02864,37.05773],[-122.02761,37.05831],[-122.02697,37.05702],[-122.02416,37.05757],[-122.02063,37.05684],[-122.02174,37.0575],[-122.02108,37.05912],[-122.0181,37.0619],[-122.01381,37.06279],[-122.01388,37.06392],[-122.01518,37.06422],[-122.01145,37.06497],[-122.0121,37.06519],[-122.01087,37.06771],[-122.01228,37.06818],[-122.01042,37.06878],[-122.00491,37.08063],[-122.00431,37.08062]],[[-122.03019,37.04726],[-122.02931,37.04682],[-122.02932,37.04691],[-122.03019,37.04734],[-122.03019,37.04726]]]}},{"type":"Feature","properties":{"city":"Santa Cruz","boundaryType":"Official city/town limit","source":"California City Boundaries and Identifiers, CDTFA/California State Geoportal","county":"Santa Cruz County","placeType":"City","areaSqMi":12.75477955095199},"geometry":{"type":"MultiPolygon","coordinates":[[[[-122.1041,36.96561],[-122.10473,36.96512],[-122.10422,36.97204],[-122.10854,36.9724],[-122.10802,36.97616],[-122.10908,36.97726],[-122.10771,36.97893],[-122.10739,36.98181],[-122.1043,36.98154],[-122.10483,36.9801],[-122.10359,36.97447],[-122.10453,36.96578],[-122.1041,36.96561]]],[[[-122.01272,36.99246],[-122.01161,36.99178],[-122.01392,36.99288],[-122.01295,36.99275],[-122.01272,36.99246]]],[[[-122.03188,37.00063],[-122.03109,37.00062],[-122.0354,36.99867],[-122.03365,36.99973],[-122.03483,37.00168],[-122.03291,37.00241],[-122.03199,37.00082],[-122.03188,37.00063]]],[[[-122.0459,37.0061],[-122.04358,37.00604],[-122.0382,36.9979],[-122.03659,36.99814],[-122.03649,36.99637],[-122.03342,36.99507],[-122.03268,36.99185],[-122.01768,36.99135],[-122.01753,36.99452],[-122.0157,36.99216],[-122.01493,36.9929],[-122.01428,36.99147],[-122.01159,36.99149],[-122.01163,36.99482],[-122.0099,36.997],[-122.01206,36.99599],[-122.01225,36.99413],[-122.01494,36.99293],[-122.01517,36.99615],[-122.01783,36.99574],[-122.01868,36.99737],[-122.01695,36.99957],[-122.02034,37.00102],[-122.02008,37.00311],[-122.01002,37.00246],[-122.01094,37.00133],[-122.0098,37.00009],[-122.00968,36.99816],[-122.0057,36.99828],[-122.00225,37.00202],[-122.0018,37.0072],[-121.99762,37.00696],[-121.99684,37.00979],[-121.99398,37.00956],[-121.996,37.00622],[-121.99228,37.00625],[-121.99105,36.99697],[-121.98828,36.99534],[-121.98674,36.99175],[-121.98981,36.98651],[-121.99483,36.98346],[-121.99482,36.98217],[-121.9962,36.9814],[-121.99435,36.9794],[-122.00028,36.96916],[-122.00215,36.968],[-122.0002,36.96439],[-122.00044,36.96202],[-122.00183,36.96052],[-122.00629,36.96231],[-122.01184,36.96312],[-122.02249,36.96211],[-122.02543,36.95952],[-122.02576,36.95789],[-122.02431,36.95563],[-122.02656,36.95037],[-122.02717,36.95147],[-122.03411,36.95163],[-122.03907,36.95283],[-122.04147,36.95254],[-122.04244,36.95115],[-122.04655,36.94931],[-122.04803,36.94969],[-122.04973,36.94876],[-122.05246,36.94965],[-122.0567,36.94909],[-122.05918,36.95008],[-122.06534,36.94808],[-122.06746,36.94867],[-122.06771,36.95165],[-122.06987,36.9535],[-122.06864,36.95469],[-122.06891,36.95388],[-122.06759,36.9527],[-122.06527,36.95562],[-122.06531,36.95888],[-122.06263,36.95929],[-122.06266,36.96082],[-122.06517,36.96116],[-122.06632,36.96499],[-122.0683,36.96497],[-122.07087,36.97243],[-122.07031,36.97756],[-122.06074,36.97797],[-122.06116,36.98063],[-122.06018,36.98093],[-122.06574,36.98443],[-122.06816,36.98713],[-122.06968,36.99293],[-122.06842,36.99911],[-122.0697,37.0014],[-122.0727,37.00287],[-122.05609,37.00296],[-122.05112,37.00011],[-122.05292,37.00931],[-122.04979,37.01084],[-122.04903,37.00889],[-122.04587,37.007],[-122.0459,37.0061]]],[[[-122.14995,37.02492],[-122.14996,37.02409],[-122.15131,37.02409],[-122.15132,37.02515],[-122.14995,37.02516],[-122.14995,37.02492]]]]}},{"type":"Feature","properties":{"city":"Capitola","boundaryType":"Official city/town limit","source":"California City Boundaries and Identifiers, CDTFA/California State Geoportal","county":"Santa Cruz County","placeType":"City","areaSqMi":1.6319626778826537},"geometry":{"type":"Polygon","coordinates":[[[-121.94089,36.98451],[-121.93185,36.98396],[-121.93245,36.9819],[-121.9298,36.98152],[-121.93124,36.97905],[-121.93298,36.97906],[-121.93327,36.97787],[-121.94055,36.97753],[-121.94993,36.97128],[-121.95482,36.97047],[-121.9574,36.9678],[-121.95832,36.96869],[-121.96338,36.96822],[-121.96354,36.9672],[-121.96737,36.96748],[-121.96864,36.96709],[-121.96862,36.96522],[-121.96942,36.96522],[-121.96913,36.96709],[-121.97072,36.96708],[-121.96541,36.96844],[-121.9683,36.96993],[-121.96857,36.97314],[-121.97273,36.97271],[-121.97319,36.97378],[-121.97299,36.97487],[-121.97185,36.97488],[-121.97207,36.97382],[-121.96993,36.97463],[-121.96962,36.97603],[-121.97061,36.97612],[-121.97116,36.9782],[-121.97084,36.97988],[-121.96803,36.9804],[-121.96801,36.97966],[-121.96556,36.97965],[-121.96516,36.98414],[-121.96216,36.98321],[-121.94109,36.98442],[-121.94089,36.98451]]]}},{"type":"Feature","properties":{"city":"Aptos","boundaryType":"Approximate point / unincorporated area","source":"Approximate point marker for map display","county":"Santa Cruz County","placeType":"Unincorporated area","note":"Approximate point marker for the Aptos area"},"geometry":{"type":"Point","coordinates":[-121.899,36.977]}}]}
